--------------------------------------------------------
-- Archivo creado  - jueves-julio-06-2023   
--------------------------------------------------------
--------------------------------------------------------
--  DDL for Table API_SUSCRIPCION
--------------------------------------------------------

  CREATE TABLE "DJANGO"."API_SUSCRIPCION" 
   (	"ID" NUMBER(19,0) GENERATED BY DEFAULT ON NULL AS IDENTITY MINVALUE 1 MAXVALUE 9999999999999999999999999999 INCREMENT BY 1 START WITH 1 CACHE 20 NOORDER  NOCYCLE  NOKEEP  NOSCALE , 
	"USUARIO" NVARCHAR2(100), 
	"ESTADO" NUMBER(1,0)
   ) SEGMENT CREATION IMMEDIATE 
  PCTFREE 10 PCTUSED 40 INITRANS 1 MAXTRANS 255 
 NOCOMPRESS LOGGING
  STORAGE(INITIAL 65536 NEXT 1048576 MINEXTENTS 1 MAXEXTENTS 2147483645
  PCTINCREASE 0 FREELISTS 1 FREELIST GROUPS 1
  BUFFER_POOL DEFAULT FLASH_CACHE DEFAULT CELL_FLASH_CACHE DEFAULT)
  TABLESPACE "USERS" ;
--------------------------------------------------------
--  DDL for Table AUTH_GROUP
--------------------------------------------------------

  CREATE TABLE "DJANGO"."AUTH_GROUP" 
   (	"ID" NUMBER(11,0) GENERATED BY DEFAULT ON NULL AS IDENTITY MINVALUE 1 MAXVALUE 9999999999999999999999999999 INCREMENT BY 1 START WITH 1 CACHE 20 NOORDER  NOCYCLE  NOKEEP  NOSCALE , 
	"NAME" NVARCHAR2(150)
   ) SEGMENT CREATION DEFERRED 
  PCTFREE 10 PCTUSED 40 INITRANS 1 MAXTRANS 255 
 NOCOMPRESS LOGGING
  TABLESPACE "USERS" ;
--------------------------------------------------------
--  DDL for Table AUTH_GROUP_PERMISSIONS
--------------------------------------------------------

  CREATE TABLE "DJANGO"."AUTH_GROUP_PERMISSIONS" 
   (	"ID" NUMBER(19,0) GENERATED BY DEFAULT ON NULL AS IDENTITY MINVALUE 1 MAXVALUE 9999999999999999999999999999 INCREMENT BY 1 START WITH 1 CACHE 20 NOORDER  NOCYCLE  NOKEEP  NOSCALE , 
	"GROUP_ID" NUMBER(11,0), 
	"PERMISSION_ID" NUMBER(11,0)
   ) SEGMENT CREATION DEFERRED 
  PCTFREE 10 PCTUSED 40 INITRANS 1 MAXTRANS 255 
 NOCOMPRESS LOGGING
  TABLESPACE "USERS" ;
--------------------------------------------------------
--  DDL for Table AUTH_PERMISSION
--------------------------------------------------------

  CREATE TABLE "DJANGO"."AUTH_PERMISSION" 
   (	"ID" NUMBER(11,0) GENERATED BY DEFAULT ON NULL AS IDENTITY MINVALUE 1 MAXVALUE 9999999999999999999999999999 INCREMENT BY 1 START WITH 1 CACHE 20 NOORDER  NOCYCLE  NOKEEP  NOSCALE , 
	"NAME" NVARCHAR2(255), 
	"CONTENT_TYPE_ID" NUMBER(11,0), 
	"CODENAME" NVARCHAR2(100)
   ) SEGMENT CREATION IMMEDIATE 
  PCTFREE 10 PCTUSED 40 INITRANS 1 MAXTRANS 255 
 NOCOMPRESS LOGGING
  STORAGE(INITIAL 65536 NEXT 1048576 MINEXTENTS 1 MAXEXTENTS 2147483645
  PCTINCREASE 0 FREELISTS 1 FREELIST GROUPS 1
  BUFFER_POOL DEFAULT FLASH_CACHE DEFAULT CELL_FLASH_CACHE DEFAULT)
  TABLESPACE "USERS" ;
--------------------------------------------------------
--  DDL for Table AUTH_USER
--------------------------------------------------------

  CREATE TABLE "DJANGO"."AUTH_USER" 
   (	"ID" NUMBER(11,0) GENERATED BY DEFAULT ON NULL AS IDENTITY MINVALUE 1 MAXVALUE 9999999999999999999999999999 INCREMENT BY 1 START WITH 1 CACHE 20 NOORDER  NOCYCLE  NOKEEP  NOSCALE , 
	"PASSWORD" NVARCHAR2(128), 
	"LAST_LOGIN" TIMESTAMP (6), 
	"IS_SUPERUSER" NUMBER(1,0), 
	"USERNAME" NVARCHAR2(150), 
	"FIRST_NAME" NVARCHAR2(150), 
	"LAST_NAME" NVARCHAR2(150), 
	"EMAIL" NVARCHAR2(254), 
	"IS_STAFF" NUMBER(1,0), 
	"IS_ACTIVE" NUMBER(1,0), 
	"DATE_JOINED" TIMESTAMP (6)
   ) SEGMENT CREATION IMMEDIATE 
  PCTFREE 10 PCTUSED 40 INITRANS 1 MAXTRANS 255 
 NOCOMPRESS LOGGING
  STORAGE(INITIAL 65536 NEXT 1048576 MINEXTENTS 1 MAXEXTENTS 2147483645
  PCTINCREASE 0 FREELISTS 1 FREELIST GROUPS 1
  BUFFER_POOL DEFAULT FLASH_CACHE DEFAULT CELL_FLASH_CACHE DEFAULT)
  TABLESPACE "USERS" ;
--------------------------------------------------------
--  DDL for Table AUTH_USER_GROUPS
--------------------------------------------------------

  CREATE TABLE "DJANGO"."AUTH_USER_GROUPS" 
   (	"ID" NUMBER(19,0) GENERATED BY DEFAULT ON NULL AS IDENTITY MINVALUE 1 MAXVALUE 9999999999999999999999999999 INCREMENT BY 1 START WITH 1 CACHE 20 NOORDER  NOCYCLE  NOKEEP  NOSCALE , 
	"USER_ID" NUMBER(11,0), 
	"GROUP_ID" NUMBER(11,0)
   ) SEGMENT CREATION DEFERRED 
  PCTFREE 10 PCTUSED 40 INITRANS 1 MAXTRANS 255 
 NOCOMPRESS LOGGING
  TABLESPACE "USERS" ;
--------------------------------------------------------
--  DDL for Table AUTH_USER_USER_PERMISSIONS
--------------------------------------------------------

  CREATE TABLE "DJANGO"."AUTH_USER_USER_PERMISSIONS" 
   (	"ID" NUMBER(19,0) GENERATED BY DEFAULT ON NULL AS IDENTITY MINVALUE 1 MAXVALUE 9999999999999999999999999999 INCREMENT BY 1 START WITH 1 CACHE 20 NOORDER  NOCYCLE  NOKEEP  NOSCALE , 
	"USER_ID" NUMBER(11,0), 
	"PERMISSION_ID" NUMBER(11,0)
   ) SEGMENT CREATION DEFERRED 
  PCTFREE 10 PCTUSED 40 INITRANS 1 MAXTRANS 255 
 NOCOMPRESS LOGGING
  TABLESPACE "USERS" ;
--------------------------------------------------------
--  DDL for Table CORE_DETALLEVENTA
--------------------------------------------------------

  CREATE TABLE "DJANGO"."CORE_DETALLEVENTA" 
   (	"ID" NUMBER(11,0) GENERATED BY DEFAULT ON NULL AS IDENTITY MINVALUE 1 MAXVALUE 9999999999999999999999999999 INCREMENT BY 1 START WITH 1 CACHE 20 NOORDER  NOCYCLE  NOKEEP  NOSCALE , 
	"CANTIDAD" NUMBER(11,0), 
	"PRECIO" NUMBER(11,0), 
	"PRODUCTO_ID" NVARCHAR2(4), 
	"VENTA_ID" NUMBER(11,0)
   ) SEGMENT CREATION IMMEDIATE 
  PCTFREE 10 PCTUSED 40 INITRANS 1 MAXTRANS 255 
 NOCOMPRESS LOGGING
  STORAGE(INITIAL 65536 NEXT 1048576 MINEXTENTS 1 MAXEXTENTS 2147483645
  PCTINCREASE 0 FREELISTS 1 FREELIST GROUPS 1
  BUFFER_POOL DEFAULT FLASH_CACHE DEFAULT CELL_FLASH_CACHE DEFAULT)
  TABLESPACE "USERS" ;
--------------------------------------------------------
--  DDL for Table CORE_PRODUCTOS
--------------------------------------------------------

  CREATE TABLE "DJANGO"."CORE_PRODUCTOS" 
   (	"CODIGO" NVARCHAR2(4), 
	"NOMBRE" NVARCHAR2(20), 
	"DESCRIPCION" NVARCHAR2(200), 
	"PRECIO" NUMBER(11,0), 
	"STOCK" NUMBER(11,0), 
	"OFERTA" NUMBER(1,0), 
	"IMAGEN" NVARCHAR2(200)
   ) SEGMENT CREATION IMMEDIATE 
  PCTFREE 10 PCTUSED 40 INITRANS 1 MAXTRANS 255 
 NOCOMPRESS LOGGING
  STORAGE(INITIAL 65536 NEXT 1048576 MINEXTENTS 1 MAXEXTENTS 2147483645
  PCTINCREASE 0 FREELISTS 1 FREELIST GROUPS 1
  BUFFER_POOL DEFAULT FLASH_CACHE DEFAULT CELL_FLASH_CACHE DEFAULT)
  TABLESPACE "USERS" ;
--------------------------------------------------------
--  DDL for Table CORE_VENTA
--------------------------------------------------------

  CREATE TABLE "DJANGO"."CORE_VENTA" 
   (	"ID" NUMBER(11,0) GENERATED BY DEFAULT ON NULL AS IDENTITY MINVALUE 1 MAXVALUE 9999999999999999999999999999 INCREMENT BY 1 START WITH 1 CACHE 20 NOORDER  NOCYCLE  NOKEEP  NOSCALE , 
	"FECHA" TIMESTAMP (6), 
	"TOTAL" NUMBER(11,0), 
	"CLIENTE_ID" NUMBER(11,0)
   ) SEGMENT CREATION IMMEDIATE 
  PCTFREE 10 PCTUSED 40 INITRANS 1 MAXTRANS 255 
 NOCOMPRESS LOGGING
  STORAGE(INITIAL 65536 NEXT 1048576 MINEXTENTS 1 MAXEXTENTS 2147483645
  PCTINCREASE 0 FREELISTS 1 FREELIST GROUPS 1
  BUFFER_POOL DEFAULT FLASH_CACHE DEFAULT CELL_FLASH_CACHE DEFAULT)
  TABLESPACE "USERS" ;
--------------------------------------------------------
--  DDL for Table DJANGO_ADMIN_LOG
--------------------------------------------------------

  CREATE TABLE "DJANGO"."DJANGO_ADMIN_LOG" 
   (	"ID" NUMBER(11,0) GENERATED BY DEFAULT ON NULL AS IDENTITY MINVALUE 1 MAXVALUE 9999999999999999999999999999 INCREMENT BY 1 START WITH 1 CACHE 20 NOORDER  NOCYCLE  NOKEEP  NOSCALE , 
	"ACTION_TIME" TIMESTAMP (6), 
	"OBJECT_ID" NCLOB, 
	"OBJECT_REPR" NVARCHAR2(200), 
	"ACTION_FLAG" NUMBER(11,0), 
	"CHANGE_MESSAGE" NCLOB, 
	"CONTENT_TYPE_ID" NUMBER(11,0), 
	"USER_ID" NUMBER(11,0)
   ) SEGMENT CREATION IMMEDIATE 
  PCTFREE 10 PCTUSED 40 INITRANS 1 MAXTRANS 255 
 NOCOMPRESS LOGGING
  STORAGE(INITIAL 65536 NEXT 1048576 MINEXTENTS 1 MAXEXTENTS 2147483645
  PCTINCREASE 0 FREELISTS 1 FREELIST GROUPS 1
  BUFFER_POOL DEFAULT FLASH_CACHE DEFAULT CELL_FLASH_CACHE DEFAULT)
  TABLESPACE "USERS" 
 LOB ("OBJECT_ID") STORE AS SECUREFILE (
  TABLESPACE "USERS" ENABLE STORAGE IN ROW 4000 CHUNK 8192
  NOCACHE LOGGING  NOCOMPRESS  KEEP_DUPLICATES 
  STORAGE(INITIAL 262144 NEXT 1048576 MINEXTENTS 1 MAXEXTENTS 2147483645
  PCTINCREASE 0
  BUFFER_POOL DEFAULT FLASH_CACHE DEFAULT CELL_FLASH_CACHE DEFAULT)) 
 LOB ("CHANGE_MESSAGE") STORE AS SECUREFILE (
  TABLESPACE "USERS" ENABLE STORAGE IN ROW 4000 CHUNK 8192
  NOCACHE LOGGING  NOCOMPRESS  KEEP_DUPLICATES 
  STORAGE(INITIAL 262144 NEXT 1048576 MINEXTENTS 1 MAXEXTENTS 2147483645
  PCTINCREASE 0
  BUFFER_POOL DEFAULT FLASH_CACHE DEFAULT CELL_FLASH_CACHE DEFAULT)) ;
--------------------------------------------------------
--  DDL for Table DJANGO_CONTENT_TYPE
--------------------------------------------------------

  CREATE TABLE "DJANGO"."DJANGO_CONTENT_TYPE" 
   (	"ID" NUMBER(11,0) GENERATED BY DEFAULT ON NULL AS IDENTITY MINVALUE 1 MAXVALUE 9999999999999999999999999999 INCREMENT BY 1 START WITH 1 CACHE 20 NOORDER  NOCYCLE  NOKEEP  NOSCALE , 
	"APP_LABEL" NVARCHAR2(100), 
	"MODEL" NVARCHAR2(100)
   ) SEGMENT CREATION IMMEDIATE 
  PCTFREE 10 PCTUSED 40 INITRANS 1 MAXTRANS 255 
 NOCOMPRESS LOGGING
  STORAGE(INITIAL 65536 NEXT 1048576 MINEXTENTS 1 MAXEXTENTS 2147483645
  PCTINCREASE 0 FREELISTS 1 FREELIST GROUPS 1
  BUFFER_POOL DEFAULT FLASH_CACHE DEFAULT CELL_FLASH_CACHE DEFAULT)
  TABLESPACE "USERS" ;
--------------------------------------------------------
--  DDL for Table DJANGO_MIGRATIONS
--------------------------------------------------------

  CREATE TABLE "DJANGO"."DJANGO_MIGRATIONS" 
   (	"ID" NUMBER(19,0) GENERATED BY DEFAULT ON NULL AS IDENTITY MINVALUE 1 MAXVALUE 9999999999999999999999999999 INCREMENT BY 1 START WITH 1 CACHE 20 NOORDER  NOCYCLE  NOKEEP  NOSCALE , 
	"APP" NVARCHAR2(255), 
	"NAME" NVARCHAR2(255), 
	"APPLIED" TIMESTAMP (6)
   ) SEGMENT CREATION IMMEDIATE 
  PCTFREE 10 PCTUSED 40 INITRANS 1 MAXTRANS 255 
 NOCOMPRESS LOGGING
  STORAGE(INITIAL 65536 NEXT 1048576 MINEXTENTS 1 MAXEXTENTS 2147483645
  PCTINCREASE 0 FREELISTS 1 FREELIST GROUPS 1
  BUFFER_POOL DEFAULT FLASH_CACHE DEFAULT CELL_FLASH_CACHE DEFAULT)
  TABLESPACE "USERS" ;
--------------------------------------------------------
--  DDL for Table DJANGO_SESSION
--------------------------------------------------------

  CREATE TABLE "DJANGO"."DJANGO_SESSION" 
   (	"SESSION_KEY" NVARCHAR2(40), 
	"SESSION_DATA" NCLOB, 
	"EXPIRE_DATE" TIMESTAMP (6)
   ) SEGMENT CREATION IMMEDIATE 
  PCTFREE 10 PCTUSED 40 INITRANS 1 MAXTRANS 255 
 NOCOMPRESS LOGGING
  STORAGE(INITIAL 65536 NEXT 1048576 MINEXTENTS 1 MAXEXTENTS 2147483645
  PCTINCREASE 0 FREELISTS 1 FREELIST GROUPS 1
  BUFFER_POOL DEFAULT FLASH_CACHE DEFAULT CELL_FLASH_CACHE DEFAULT)
  TABLESPACE "USERS" 
 LOB ("SESSION_DATA") STORE AS SECUREFILE (
  TABLESPACE "USERS" ENABLE STORAGE IN ROW 4000 CHUNK 8192
  NOCACHE LOGGING  NOCOMPRESS  KEEP_DUPLICATES 
  STORAGE(INITIAL 262144 NEXT 1048576 MINEXTENTS 1 MAXEXTENTS 2147483645
  PCTINCREASE 0
  BUFFER_POOL DEFAULT FLASH_CACHE DEFAULT CELL_FLASH_CACHE DEFAULT)) ;
REM INSERTING into DJANGO.API_SUSCRIPCION
SET DEFINE OFF;
Insert into DJANGO.API_SUSCRIPCION (ID,USUARIO,ESTADO) values ('21','toma.martinez@duocuc.cl','1');
REM INSERTING into DJANGO.AUTH_GROUP
SET DEFINE OFF;
REM INSERTING into DJANGO.AUTH_GROUP_PERMISSIONS
SET DEFINE OFF;
REM INSERTING into DJANGO.AUTH_PERMISSION
SET DEFINE OFF;
Insert into DJANGO.AUTH_PERMISSION (ID,NAME,CONTENT_TYPE_ID,CODENAME) values ('1','Can add log entry','1','add_logentry');
Insert into DJANGO.AUTH_PERMISSION (ID,NAME,CONTENT_TYPE_ID,CODENAME) values ('2','Can change log entry','1','change_logentry');
Insert into DJANGO.AUTH_PERMISSION (ID,NAME,CONTENT_TYPE_ID,CODENAME) values ('3','Can delete log entry','1','delete_logentry');
Insert into DJANGO.AUTH_PERMISSION (ID,NAME,CONTENT_TYPE_ID,CODENAME) values ('4','Can view log entry','1','view_logentry');
Insert into DJANGO.AUTH_PERMISSION (ID,NAME,CONTENT_TYPE_ID,CODENAME) values ('5','Can add permission','2','add_permission');
Insert into DJANGO.AUTH_PERMISSION (ID,NAME,CONTENT_TYPE_ID,CODENAME) values ('6','Can change permission','2','change_permission');
Insert into DJANGO.AUTH_PERMISSION (ID,NAME,CONTENT_TYPE_ID,CODENAME) values ('7','Can delete permission','2','delete_permission');
Insert into DJANGO.AUTH_PERMISSION (ID,NAME,CONTENT_TYPE_ID,CODENAME) values ('8','Can view permission','2','view_permission');
Insert into DJANGO.AUTH_PERMISSION (ID,NAME,CONTENT_TYPE_ID,CODENAME) values ('9','Can add group','3','add_group');
Insert into DJANGO.AUTH_PERMISSION (ID,NAME,CONTENT_TYPE_ID,CODENAME) values ('10','Can change group','3','change_group');
Insert into DJANGO.AUTH_PERMISSION (ID,NAME,CONTENT_TYPE_ID,CODENAME) values ('11','Can delete group','3','delete_group');
Insert into DJANGO.AUTH_PERMISSION (ID,NAME,CONTENT_TYPE_ID,CODENAME) values ('12','Can view group','3','view_group');
Insert into DJANGO.AUTH_PERMISSION (ID,NAME,CONTENT_TYPE_ID,CODENAME) values ('13','Can add user','4','add_user');
Insert into DJANGO.AUTH_PERMISSION (ID,NAME,CONTENT_TYPE_ID,CODENAME) values ('14','Can change user','4','change_user');
Insert into DJANGO.AUTH_PERMISSION (ID,NAME,CONTENT_TYPE_ID,CODENAME) values ('15','Can delete user','4','delete_user');
Insert into DJANGO.AUTH_PERMISSION (ID,NAME,CONTENT_TYPE_ID,CODENAME) values ('16','Can view user','4','view_user');
Insert into DJANGO.AUTH_PERMISSION (ID,NAME,CONTENT_TYPE_ID,CODENAME) values ('17','Can add content type','5','add_contenttype');
Insert into DJANGO.AUTH_PERMISSION (ID,NAME,CONTENT_TYPE_ID,CODENAME) values ('18','Can change content type','5','change_contenttype');
Insert into DJANGO.AUTH_PERMISSION (ID,NAME,CONTENT_TYPE_ID,CODENAME) values ('19','Can delete content type','5','delete_contenttype');
Insert into DJANGO.AUTH_PERMISSION (ID,NAME,CONTENT_TYPE_ID,CODENAME) values ('20','Can view content type','5','view_contenttype');
Insert into DJANGO.AUTH_PERMISSION (ID,NAME,CONTENT_TYPE_ID,CODENAME) values ('21','Can add session','6','add_session');
Insert into DJANGO.AUTH_PERMISSION (ID,NAME,CONTENT_TYPE_ID,CODENAME) values ('22','Can change session','6','change_session');
Insert into DJANGO.AUTH_PERMISSION (ID,NAME,CONTENT_TYPE_ID,CODENAME) values ('23','Can delete session','6','delete_session');
Insert into DJANGO.AUTH_PERMISSION (ID,NAME,CONTENT_TYPE_ID,CODENAME) values ('24','Can view session','6','view_session');
Insert into DJANGO.AUTH_PERMISSION (ID,NAME,CONTENT_TYPE_ID,CODENAME) values ('25','Can add productos','7','add_productos');
Insert into DJANGO.AUTH_PERMISSION (ID,NAME,CONTENT_TYPE_ID,CODENAME) values ('26','Can change productos','7','change_productos');
Insert into DJANGO.AUTH_PERMISSION (ID,NAME,CONTENT_TYPE_ID,CODENAME) values ('27','Can delete productos','7','delete_productos');
Insert into DJANGO.AUTH_PERMISSION (ID,NAME,CONTENT_TYPE_ID,CODENAME) values ('28','Can view productos','7','view_productos');
Insert into DJANGO.AUTH_PERMISSION (ID,NAME,CONTENT_TYPE_ID,CODENAME) values ('29','Can add venta','8','add_venta');
Insert into DJANGO.AUTH_PERMISSION (ID,NAME,CONTENT_TYPE_ID,CODENAME) values ('30','Can change venta','8','change_venta');
Insert into DJANGO.AUTH_PERMISSION (ID,NAME,CONTENT_TYPE_ID,CODENAME) values ('31','Can delete venta','8','delete_venta');
Insert into DJANGO.AUTH_PERMISSION (ID,NAME,CONTENT_TYPE_ID,CODENAME) values ('32','Can view venta','8','view_venta');
Insert into DJANGO.AUTH_PERMISSION (ID,NAME,CONTENT_TYPE_ID,CODENAME) values ('33','Can add detalle venta','9','add_detalleventa');
Insert into DJANGO.AUTH_PERMISSION (ID,NAME,CONTENT_TYPE_ID,CODENAME) values ('34','Can change detalle venta','9','change_detalleventa');
Insert into DJANGO.AUTH_PERMISSION (ID,NAME,CONTENT_TYPE_ID,CODENAME) values ('35','Can delete detalle venta','9','delete_detalleventa');
Insert into DJANGO.AUTH_PERMISSION (ID,NAME,CONTENT_TYPE_ID,CODENAME) values ('36','Can view detalle venta','9','view_detalleventa');
Insert into DJANGO.AUTH_PERMISSION (ID,NAME,CONTENT_TYPE_ID,CODENAME) values ('37','Can add suscripcion','10','add_suscripcion');
Insert into DJANGO.AUTH_PERMISSION (ID,NAME,CONTENT_TYPE_ID,CODENAME) values ('38','Can change suscripcion','10','change_suscripcion');
Insert into DJANGO.AUTH_PERMISSION (ID,NAME,CONTENT_TYPE_ID,CODENAME) values ('39','Can delete suscripcion','10','delete_suscripcion');
Insert into DJANGO.AUTH_PERMISSION (ID,NAME,CONTENT_TYPE_ID,CODENAME) values ('40','Can view suscripcion','10','view_suscripcion');
REM INSERTING into DJANGO.AUTH_USER
SET DEFINE OFF;
Insert into DJANGO.AUTH_USER (ID,PASSWORD,LAST_LOGIN,IS_SUPERUSER,USERNAME,FIRST_NAME,LAST_NAME,EMAIL,IS_STAFF,IS_ACTIVE,DATE_JOINED) values ('21','pbkdf2_sha256$600000$9A1vEVDl2qaAp85a25yJq1$zO8RHeRvsPMr6w8x8k28ywjiMkv4NzJe/4IBRsBvOBo=',to_timestamp('06/07/23 16:23:13,075569000','DD/MM/RR HH24:MI:SSXFF'),'0','felipe','Felipe','Alvarado','a@a.com','0','1',to_timestamp('06/07/23 16:23:02,896737000','DD/MM/RR HH24:MI:SSXFF'));
Insert into DJANGO.AUTH_USER (ID,PASSWORD,LAST_LOGIN,IS_SUPERUSER,USERNAME,FIRST_NAME,LAST_NAME,EMAIL,IS_STAFF,IS_ACTIVE,DATE_JOINED) values ('1','pbkdf2_sha256$600000$QUHewllLvaVPCCZbnqlXpJ$vF3+gkOJUJnFuf79iRrfk6Ls7N0ofoe7lK7vPiG9/jM=',to_timestamp('06/07/23 18:57:27,901882000','DD/MM/RR HH24:MI:SSXFF'),'1','admin',null,null,'toma.martinez@duocuc.cl','1','1',to_timestamp('05/07/23 00:00:39,656911000','DD/MM/RR HH24:MI:SSXFF'));
Insert into DJANGO.AUTH_USER (ID,PASSWORD,LAST_LOGIN,IS_SUPERUSER,USERNAME,FIRST_NAME,LAST_NAME,EMAIL,IS_STAFF,IS_ACTIVE,DATE_JOINED) values ('2','pbkdf2_sha256$600000$Fh2DskBSOR6q7DHoZy1qwo$yf6iz/i2PVll/cA4cNbzGYWuuYUnF28Sgr1aaKNEM/E=',to_timestamp('05/07/23 23:07:29,234329000','DD/MM/RR HH24:MI:SSXFF'),'0','tomas','Tomas','Martinez','tomixd1217@gmail.com','0','1',to_timestamp('05/07/23 00:30:12,081878000','DD/MM/RR HH24:MI:SSXFF'));
REM INSERTING into DJANGO.AUTH_USER_GROUPS
SET DEFINE OFF;
REM INSERTING into DJANGO.AUTH_USER_USER_PERMISSIONS
SET DEFINE OFF;
REM INSERTING into DJANGO.CORE_DETALLEVENTA
SET DEFINE OFF;
Insert into DJANGO.CORE_DETALLEVENTA (ID,CANTIDAD,PRECIO,PRODUCTO_ID,VENTA_ID) values ('1','11','60000','0005','1');
Insert into DJANGO.CORE_DETALLEVENTA (ID,CANTIDAD,PRECIO,PRODUCTO_ID,VENTA_ID) values ('6','1','250000','0006','6');
Insert into DJANGO.CORE_DETALLEVENTA (ID,CANTIDAD,PRECIO,PRODUCTO_ID,VENTA_ID) values ('7','1','20000','0007','6');
Insert into DJANGO.CORE_DETALLEVENTA (ID,CANTIDAD,PRECIO,PRODUCTO_ID,VENTA_ID) values ('8','1','23000','0008','6');
Insert into DJANGO.CORE_DETALLEVENTA (ID,CANTIDAD,PRECIO,PRODUCTO_ID,VENTA_ID) values ('9','1','50000','0009','6');
Insert into DJANGO.CORE_DETALLEVENTA (ID,CANTIDAD,PRECIO,PRODUCTO_ID,VENTA_ID) values ('3','1','60000','0005','3');
Insert into DJANGO.CORE_DETALLEVENTA (ID,CANTIDAD,PRECIO,PRODUCTO_ID,VENTA_ID) values ('4','1','60000','0005','4');
Insert into DJANGO.CORE_DETALLEVENTA (ID,CANTIDAD,PRECIO,PRODUCTO_ID,VENTA_ID) values ('2','1','60000','0005','2');
Insert into DJANGO.CORE_DETALLEVENTA (ID,CANTIDAD,PRECIO,PRODUCTO_ID,VENTA_ID) values ('5','2','60000','0005','5');
REM INSERTING into DJANGO.CORE_PRODUCTOS
SET DEFINE OFF;
Insert into DJANGO.CORE_PRODUCTOS (CODIGO,NOMBRE,DESCRIPCION,PRECIO,STOCK,OFERTA,IMAGEN) values ('0006','Cortadora de Pasto','Cortadora de Pasto a gasolina','250000','4','0','https://sodimac.scene7.com/is/image/SodimacCL/5502454_02?wid=800&hei=800&qlt=70');
Insert into DJANGO.CORE_PRODUCTOS (CODIGO,NOMBRE,DESCRIPCION,PRECIO,STOCK,OFERTA,IMAGEN) values ('0007','Pack de Jardineria','herramientas de jardineria','20000','49','1','https://i5.walmartimages.com/asr/d756fd74-8625-4b59-9061-49cd3f1bce27.357389f8d0bbd64bb543e7039cbcb627.jpeg?odnHeight=2000&odnWidth=2000&odnBg=ffffff');
Insert into DJANGO.CORE_PRODUCTOS (CODIGO,NOMBRE,DESCRIPCION,PRECIO,STOCK,OFERTA,IMAGEN) values ('0008','Pico','Pico para jardin','23000','29','0','https://i0.wp.com/medioambienteynaturaleza.com/wp-content/uploads/2015/05/Herramientas-de-jardinería-imprescindibles-para-tu-huerto-q.jpg?resize=600%2C600&ssl=1');
Insert into DJANGO.CORE_PRODUCTOS (CODIGO,NOMBRE,DESCRIPCION,PRECIO,STOCK,OFERTA,IMAGEN) values ('0009','Carretilla','Carretilla para jardin','50000','26','1','https://tienda.ferrasan.cl/wp-content/uploads/2021/07/CARRETIILLA-JARDIN.jpg');
Insert into DJANGO.CORE_PRODUCTOS (CODIGO,NOMBRE,DESCRIPCION,PRECIO,STOCK,OFERTA,IMAGEN) values ('0001','Maceta','Maceta de 20lts','15000','36','1','https://www.lamanoverde.cl/web/wp-content/uploads/2021/05/mcd-50-terracota.jpg');
Insert into DJANGO.CORE_PRODUCTOS (CODIGO,NOMBRE,DESCRIPCION,PRECIO,STOCK,OFERTA,IMAGEN) values ('0002','Mangera','mangera de 20 mts','30000','20','0','https://sodimac.scene7.com/is/image/SodimacCL/2894106_01');
Insert into DJANGO.CORE_PRODUCTOS (CODIGO,NOMBRE,DESCRIPCION,PRECIO,STOCK,OFERTA,IMAGEN) values ('0003','Fertilizante','Fertilizante para plantas exterior','10000','50','1','https://storage.googleapis.com/catalog-pictures-carrefour-es/catalog/pictures/hd_510x_/8436602760899_1.jpg');
Insert into DJANGO.CORE_PRODUCTOS (CODIGO,NOMBRE,DESCRIPCION,PRECIO,STOCK,OFERTA,IMAGEN) values ('0004','Botas Negras','Botas para jardin negras','25000','70','0','https://store.crosur.cl/zonafranca/3637-large_default/bota-jardinera-pvc-425-truper.jpg');
Insert into DJANGO.CORE_PRODUCTOS (CODIGO,NOMBRE,DESCRIPCION,PRECIO,STOCK,OFERTA,IMAGEN) values ('0005','Arbusto','Arbusto de exterior','60000','22','1','https://www.plantasmallorca.com/wp-content/uploads/2021/11/boj-buxus-sempervirens-1.jpg');
REM INSERTING into DJANGO.CORE_VENTA
SET DEFINE OFF;
Insert into DJANGO.CORE_VENTA (ID,FECHA,TOTAL,CLIENTE_ID) values ('1',to_timestamp('05/07/23 16:34:07,462963000','DD/MM/RR HH24:MI:SSXFF'),'11','1');
Insert into DJANGO.CORE_VENTA (ID,FECHA,TOTAL,CLIENTE_ID) values ('6',to_timestamp('06/07/23 14:53:59,793643000','DD/MM/RR HH24:MI:SSXFF'),'4','1');
Insert into DJANGO.CORE_VENTA (ID,FECHA,TOTAL,CLIENTE_ID) values ('3',to_timestamp('05/07/23 16:46:03,779131000','DD/MM/RR HH24:MI:SSXFF'),'1','1');
Insert into DJANGO.CORE_VENTA (ID,FECHA,TOTAL,CLIENTE_ID) values ('4',to_timestamp('05/07/23 16:46:03,779131000','DD/MM/RR HH24:MI:SSXFF'),'1','1');
Insert into DJANGO.CORE_VENTA (ID,FECHA,TOTAL,CLIENTE_ID) values ('2',to_timestamp('05/07/23 16:34:07,462963000','DD/MM/RR HH24:MI:SSXFF'),'1','1');
Insert into DJANGO.CORE_VENTA (ID,FECHA,TOTAL,CLIENTE_ID) values ('5',to_timestamp('06/07/23 12:21:22,217960000','DD/MM/RR HH24:MI:SSXFF'),'2','1');
REM INSERTING into DJANGO.DJANGO_ADMIN_LOG
SET DEFINE OFF;
Insert into DJANGO.DJANGO_ADMIN_LOG (ID,ACTION_TIME,OBJECT_REPR,ACTION_FLAG,CONTENT_TYPE_ID,USER_ID) values ('21',to_timestamp('05/07/23 20:39:43,117254000','DD/MM/RR HH24:MI:SSXFF'),'Arbusto (0005)','2','7','1');
Insert into DJANGO.DJANGO_ADMIN_LOG (ID,ACTION_TIME,OBJECT_REPR,ACTION_FLAG,CONTENT_TYPE_ID,USER_ID) values ('24',to_timestamp('06/07/23 16:24:33,477649000','DD/MM/RR HH24:MI:SSXFF'),'tomixd1217@gmail.com True','2','10','1');
Insert into DJANGO.DJANGO_ADMIN_LOG (ID,ACTION_TIME,OBJECT_REPR,ACTION_FLAG,CONTENT_TYPE_ID,USER_ID) values ('25',to_timestamp('06/07/23 16:24:42,827526000','DD/MM/RR HH24:MI:SSXFF'),'tomixd1217@gmail.com True','3','10','1');
Insert into DJANGO.DJANGO_ADMIN_LOG (ID,ACTION_TIME,OBJECT_REPR,ACTION_FLAG,CONTENT_TYPE_ID,USER_ID) values ('26',to_timestamp('06/07/23 16:24:42,835459000','DD/MM/RR HH24:MI:SSXFF'),'toma.martinez@duocuc.cl True','3','10','1');
Insert into DJANGO.DJANGO_ADMIN_LOG (ID,ACTION_TIME,OBJECT_REPR,ACTION_FLAG,CONTENT_TYPE_ID,USER_ID) values ('27',to_timestamp('06/07/23 16:27:44,387073000','DD/MM/RR HH24:MI:SSXFF'),'Cortadora de Pasto (0006)','1','7','1');
Insert into DJANGO.DJANGO_ADMIN_LOG (ID,ACTION_TIME,OBJECT_REPR,ACTION_FLAG,CONTENT_TYPE_ID,USER_ID) values ('28',to_timestamp('06/07/23 16:37:55,919826000','DD/MM/RR HH24:MI:SSXFF'),'Pack de Jardineria (0007)','1','7','1');
Insert into DJANGO.DJANGO_ADMIN_LOG (ID,ACTION_TIME,OBJECT_REPR,ACTION_FLAG,CONTENT_TYPE_ID,USER_ID) values ('29',to_timestamp('06/07/23 16:41:04,186614000','DD/MM/RR HH24:MI:SSXFF'),'Pico (0008)','1','7','1');
Insert into DJANGO.DJANGO_ADMIN_LOG (ID,ACTION_TIME,OBJECT_REPR,ACTION_FLAG,CONTENT_TYPE_ID,USER_ID) values ('30',to_timestamp('06/07/23 16:44:00,697552000','DD/MM/RR HH24:MI:SSXFF'),'Carretilla (0009)','1','7','1');
Insert into DJANGO.DJANGO_ADMIN_LOG (ID,ACTION_TIME,OBJECT_REPR,ACTION_FLAG,CONTENT_TYPE_ID,USER_ID) values ('31',to_timestamp('06/07/23 16:46:19,572123000','DD/MM/RR HH24:MI:SSXFF'),'Arbusto (0005)','2','7','1');
Insert into DJANGO.DJANGO_ADMIN_LOG (ID,ACTION_TIME,OBJECT_REPR,ACTION_FLAG,CONTENT_TYPE_ID,USER_ID) values ('22',to_timestamp('05/07/23 20:46:29,644275000','DD/MM/RR HH24:MI:SSXFF'),'Arbusto (0005)','2','7','1');
Insert into DJANGO.DJANGO_ADMIN_LOG (ID,ACTION_TIME,OBJECT_REPR,ACTION_FLAG,CONTENT_TYPE_ID,USER_ID) values ('23',to_timestamp('05/07/23 20:47:09,769543000','DD/MM/RR HH24:MI:SSXFF'),'Arbusto (0005)','2','7','1');
Insert into DJANGO.DJANGO_ADMIN_LOG (ID,ACTION_TIME,OBJECT_REPR,ACTION_FLAG,CONTENT_TYPE_ID,USER_ID) values ('1',to_timestamp('05/07/23 00:06:12,629471000','DD/MM/RR HH24:MI:SSXFF'),'Maceta (0001)','1','7','1');
Insert into DJANGO.DJANGO_ADMIN_LOG (ID,ACTION_TIME,OBJECT_REPR,ACTION_FLAG,CONTENT_TYPE_ID,USER_ID) values ('2',to_timestamp('05/07/23 00:07:00,799134000','DD/MM/RR HH24:MI:SSXFF'),'Mangera (0002)','1','7','1');
Insert into DJANGO.DJANGO_ADMIN_LOG (ID,ACTION_TIME,OBJECT_REPR,ACTION_FLAG,CONTENT_TYPE_ID,USER_ID) values ('3',to_timestamp('05/07/23 00:07:50,073392000','DD/MM/RR HH24:MI:SSXFF'),'Fertilizante (0003)','1','7','1');
Insert into DJANGO.DJANGO_ADMIN_LOG (ID,ACTION_TIME,OBJECT_REPR,ACTION_FLAG,CONTENT_TYPE_ID,USER_ID) values ('4',to_timestamp('05/07/23 00:08:35,917497000','DD/MM/RR HH24:MI:SSXFF'),'Botas Negras (0004)','1','7','1');
Insert into DJANGO.DJANGO_ADMIN_LOG (ID,ACTION_TIME,OBJECT_REPR,ACTION_FLAG,CONTENT_TYPE_ID,USER_ID) values ('5',to_timestamp('05/07/23 00:09:28,637870000','DD/MM/RR HH24:MI:SSXFF'),'Arbusto (0005)','1','7','1');
Insert into DJANGO.DJANGO_ADMIN_LOG (ID,ACTION_TIME,OBJECT_REPR,ACTION_FLAG,CONTENT_TYPE_ID,USER_ID) values ('6',to_timestamp('05/07/23 00:36:27,801208000','DD/MM/RR HH24:MI:SSXFF'),'tomixd1217@gmail.com True','3','10','1');
Insert into DJANGO.DJANGO_ADMIN_LOG (ID,ACTION_TIME,OBJECT_REPR,ACTION_FLAG,CONTENT_TYPE_ID,USER_ID) values ('7',to_timestamp('05/07/23 00:40:31,314225000','DD/MM/RR HH24:MI:SSXFF'),'tomixd1217@gmail.com True','3','10','1');
REM INSERTING into DJANGO.DJANGO_CONTENT_TYPE
SET DEFINE OFF;
Insert into DJANGO.DJANGO_CONTENT_TYPE (ID,APP_LABEL,MODEL) values ('1','admin','logentry');
Insert into DJANGO.DJANGO_CONTENT_TYPE (ID,APP_LABEL,MODEL) values ('2','auth','permission');
Insert into DJANGO.DJANGO_CONTENT_TYPE (ID,APP_LABEL,MODEL) values ('3','auth','group');
Insert into DJANGO.DJANGO_CONTENT_TYPE (ID,APP_LABEL,MODEL) values ('4','auth','user');
Insert into DJANGO.DJANGO_CONTENT_TYPE (ID,APP_LABEL,MODEL) values ('5','contenttypes','contenttype');
Insert into DJANGO.DJANGO_CONTENT_TYPE (ID,APP_LABEL,MODEL) values ('6','sessions','session');
Insert into DJANGO.DJANGO_CONTENT_TYPE (ID,APP_LABEL,MODEL) values ('7','core','productos');
Insert into DJANGO.DJANGO_CONTENT_TYPE (ID,APP_LABEL,MODEL) values ('8','core','venta');
Insert into DJANGO.DJANGO_CONTENT_TYPE (ID,APP_LABEL,MODEL) values ('9','core','detalleventa');
Insert into DJANGO.DJANGO_CONTENT_TYPE (ID,APP_LABEL,MODEL) values ('10','api','suscripcion');
REM INSERTING into DJANGO.DJANGO_MIGRATIONS
SET DEFINE OFF;
Insert into DJANGO.DJANGO_MIGRATIONS (ID,APP,NAME,APPLIED) values ('1','contenttypes','0001_initial',to_timestamp('04/07/23 23:57:43,113076000','DD/MM/RR HH24:MI:SSXFF'));
Insert into DJANGO.DJANGO_MIGRATIONS (ID,APP,NAME,APPLIED) values ('2','auth','0001_initial',to_timestamp('04/07/23 23:57:43,311359000','DD/MM/RR HH24:MI:SSXFF'));
Insert into DJANGO.DJANGO_MIGRATIONS (ID,APP,NAME,APPLIED) values ('3','admin','0001_initial',to_timestamp('04/07/23 23:57:43,385669000','DD/MM/RR HH24:MI:SSXFF'));
Insert into DJANGO.DJANGO_MIGRATIONS (ID,APP,NAME,APPLIED) values ('4','admin','0002_logentry_remove_auto_add',to_timestamp('04/07/23 23:57:43,408609000','DD/MM/RR HH24:MI:SSXFF'));
Insert into DJANGO.DJANGO_MIGRATIONS (ID,APP,NAME,APPLIED) values ('5','admin','0003_logentry_add_action_flag_choices',to_timestamp('04/07/23 23:57:43,436532000','DD/MM/RR HH24:MI:SSXFF'));
Insert into DJANGO.DJANGO_MIGRATIONS (ID,APP,NAME,APPLIED) values ('6','api','0001_initial',to_timestamp('04/07/23 23:57:43,482415000','DD/MM/RR HH24:MI:SSXFF'));
Insert into DJANGO.DJANGO_MIGRATIONS (ID,APP,NAME,APPLIED) values ('7','contenttypes','0002_remove_content_type_name',to_timestamp('04/07/23 23:57:43,849428000','DD/MM/RR HH24:MI:SSXFF'));
Insert into DJANGO.DJANGO_MIGRATIONS (ID,APP,NAME,APPLIED) values ('8','auth','0002_alter_permission_name_max_length',to_timestamp('04/07/23 23:57:43,902288000','DD/MM/RR HH24:MI:SSXFF'));
Insert into DJANGO.DJANGO_MIGRATIONS (ID,APP,NAME,APPLIED) values ('9','auth','0003_alter_user_email_max_length',to_timestamp('04/07/23 23:57:43,933212000','DD/MM/RR HH24:MI:SSXFF'));
Insert into DJANGO.DJANGO_MIGRATIONS (ID,APP,NAME,APPLIED) values ('10','auth','0004_alter_user_username_opts',to_timestamp('04/07/23 23:57:43,962127000','DD/MM/RR HH24:MI:SSXFF'));
Insert into DJANGO.DJANGO_MIGRATIONS (ID,APP,NAME,APPLIED) values ('11','auth','0005_alter_user_last_login_null',to_timestamp('04/07/23 23:57:44,006017000','DD/MM/RR HH24:MI:SSXFF'));
Insert into DJANGO.DJANGO_MIGRATIONS (ID,APP,NAME,APPLIED) values ('12','auth','0006_require_contenttypes_0002',to_timestamp('04/07/23 23:57:44,025955000','DD/MM/RR HH24:MI:SSXFF'));
Insert into DJANGO.DJANGO_MIGRATIONS (ID,APP,NAME,APPLIED) values ('13','auth','0007_alter_validators_add_error_messages',to_timestamp('04/07/23 23:57:44,052904000','DD/MM/RR HH24:MI:SSXFF'));
Insert into DJANGO.DJANGO_MIGRATIONS (ID,APP,NAME,APPLIED) values ('14','auth','0008_alter_user_username_max_length',to_timestamp('04/07/23 23:57:44,084799000','DD/MM/RR HH24:MI:SSXFF'));
Insert into DJANGO.DJANGO_MIGRATIONS (ID,APP,NAME,APPLIED) values ('15','auth','0009_alter_user_last_name_max_length',to_timestamp('04/07/23 23:57:44,113722000','DD/MM/RR HH24:MI:SSXFF'));
Insert into DJANGO.DJANGO_MIGRATIONS (ID,APP,NAME,APPLIED) values ('16','auth','0010_alter_group_name_max_length',to_timestamp('04/07/23 23:57:44,149625000','DD/MM/RR HH24:MI:SSXFF'));
Insert into DJANGO.DJANGO_MIGRATIONS (ID,APP,NAME,APPLIED) values ('17','auth','0011_update_proxy_permissions',to_timestamp('04/07/23 23:57:44,176555000','DD/MM/RR HH24:MI:SSXFF'));
Insert into DJANGO.DJANGO_MIGRATIONS (ID,APP,NAME,APPLIED) values ('18','auth','0012_alter_user_first_name_max_length',to_timestamp('04/07/23 23:57:44,210464000','DD/MM/RR HH24:MI:SSXFF'));
Insert into DJANGO.DJANGO_MIGRATIONS (ID,APP,NAME,APPLIED) values ('19','core','0001_initial',to_timestamp('04/07/23 23:57:44,244372000','DD/MM/RR HH24:MI:SSXFF'));
Insert into DJANGO.DJANGO_MIGRATIONS (ID,APP,NAME,APPLIED) values ('20','core','0002_venta_detalleventa',to_timestamp('04/07/23 23:57:44,329145000','DD/MM/RR HH24:MI:SSXFF'));
Insert into DJANGO.DJANGO_MIGRATIONS (ID,APP,NAME,APPLIED) values ('21','core','0003_alter_venta_fecha',to_timestamp('04/07/23 23:57:44,356915000','DD/MM/RR HH24:MI:SSXFF'));
Insert into DJANGO.DJANGO_MIGRATIONS (ID,APP,NAME,APPLIED) values ('22','core','0004_alter_venta_fecha',to_timestamp('04/07/23 23:57:44,383848000','DD/MM/RR HH24:MI:SSXFF'));
Insert into DJANGO.DJANGO_MIGRATIONS (ID,APP,NAME,APPLIED) values ('23','sessions','0001_initial',to_timestamp('04/07/23 23:57:44,420745000','DD/MM/RR HH24:MI:SSXFF'));
REM INSERTING into DJANGO.DJANGO_SESSION
SET DEFINE OFF;
Insert into DJANGO.DJANGO_SESSION (SESSION_KEY,EXPIRE_DATE) values ('8hmax5xlseo93huarh6vtz63m24ka4y4',to_timestamp('19/07/23 20:46:43,574205000','DD/MM/RR HH24:MI:SSXFF'));
Insert into DJANGO.DJANGO_SESSION (SESSION_KEY,EXPIRE_DATE) values ('c8c8j7f6s3sr9n4lpwq14th7myevtxgh',to_timestamp('19/07/23 22:22:59,565772000','DD/MM/RR HH24:MI:SSXFF'));
--------------------------------------------------------
--  DDL for Index AUTH_GROU_GROUP_ID__0CD325B0_U
--------------------------------------------------------

  CREATE UNIQUE INDEX "DJANGO"."AUTH_GROU_GROUP_ID__0CD325B0_U" ON "DJANGO"."AUTH_GROUP_PERMISSIONS" ("GROUP_ID", "PERMISSION_ID") 
  PCTFREE 10 INITRANS 2 MAXTRANS 255 COMPUTE STATISTICS 
  TABLESPACE "USERS" ;
--------------------------------------------------------
--  DDL for Index AUTH_GROUP_GROUP_ID_B120CBF9
--------------------------------------------------------

  CREATE INDEX "DJANGO"."AUTH_GROUP_GROUP_ID_B120CBF9" ON "DJANGO"."AUTH_GROUP_PERMISSIONS" ("GROUP_ID") 
  PCTFREE 10 INITRANS 2 MAXTRANS 255 COMPUTE STATISTICS 
  TABLESPACE "USERS" ;
--------------------------------------------------------
--  DDL for Index AUTH_GROUP_PERMISSION_84C5C92E
--------------------------------------------------------

  CREATE INDEX "DJANGO"."AUTH_GROUP_PERMISSION_84C5C92E" ON "DJANGO"."AUTH_GROUP_PERMISSIONS" ("PERMISSION_ID") 
  PCTFREE 10 INITRANS 2 MAXTRANS 255 COMPUTE STATISTICS 
  TABLESPACE "USERS" ;
--------------------------------------------------------
--  DDL for Index AUTH_PERM_CONTENT_T_01AB375A_U
--------------------------------------------------------

  CREATE UNIQUE INDEX "DJANGO"."AUTH_PERM_CONTENT_T_01AB375A_U" ON "DJANGO"."AUTH_PERMISSION" ("CONTENT_TYPE_ID", "CODENAME") 
  PCTFREE 10 INITRANS 2 MAXTRANS 255 COMPUTE STATISTICS 
  STORAGE(INITIAL 65536 NEXT 1048576 MINEXTENTS 1 MAXEXTENTS 2147483645
  PCTINCREASE 0 FREELISTS 1 FREELIST GROUPS 1
  BUFFER_POOL DEFAULT FLASH_CACHE DEFAULT CELL_FLASH_CACHE DEFAULT)
  TABLESPACE "USERS" ;
--------------------------------------------------------
--  DDL for Index AUTH_PERMI_CONTENT_TY_2F476E4B
--------------------------------------------------------

  CREATE INDEX "DJANGO"."AUTH_PERMI_CONTENT_TY_2F476E4B" ON "DJANGO"."AUTH_PERMISSION" ("CONTENT_TYPE_ID") 
  PCTFREE 10 INITRANS 2 MAXTRANS 255 COMPUTE STATISTICS 
  STORAGE(INITIAL 65536 NEXT 1048576 MINEXTENTS 1 MAXEXTENTS 2147483645
  PCTINCREASE 0 FREELISTS 1 FREELIST GROUPS 1
  BUFFER_POOL DEFAULT FLASH_CACHE DEFAULT CELL_FLASH_CACHE DEFAULT)
  TABLESPACE "USERS" ;
--------------------------------------------------------
--  DDL for Index AUTH_USER__GROUP_ID_97559544
--------------------------------------------------------

  CREATE INDEX "DJANGO"."AUTH_USER__GROUP_ID_97559544" ON "DJANGO"."AUTH_USER_GROUPS" ("GROUP_ID") 
  PCTFREE 10 INITRANS 2 MAXTRANS 255 COMPUTE STATISTICS 
  TABLESPACE "USERS" ;
--------------------------------------------------------
--  DDL for Index AUTH_USER__PERMISSION_1FBB5F2C
--------------------------------------------------------

  CREATE INDEX "DJANGO"."AUTH_USER__PERMISSION_1FBB5F2C" ON "DJANGO"."AUTH_USER_USER_PERMISSIONS" ("PERMISSION_ID") 
  PCTFREE 10 INITRANS 2 MAXTRANS 255 COMPUTE STATISTICS 
  TABLESPACE "USERS" ;
--------------------------------------------------------
--  DDL for Index AUTH_USER__USER_ID_A95EAD1B
--------------------------------------------------------

  CREATE INDEX "DJANGO"."AUTH_USER__USER_ID_A95EAD1B" ON "DJANGO"."AUTH_USER_USER_PERMISSIONS" ("USER_ID") 
  PCTFREE 10 INITRANS 2 MAXTRANS 255 COMPUTE STATISTICS 
  TABLESPACE "USERS" ;
--------------------------------------------------------
--  DDL for Index AUTH_USER_USER_ID_G_94350C0C_U
--------------------------------------------------------

  CREATE UNIQUE INDEX "DJANGO"."AUTH_USER_USER_ID_G_94350C0C_U" ON "DJANGO"."AUTH_USER_GROUPS" ("USER_ID", "GROUP_ID") 
  PCTFREE 10 INITRANS 2 MAXTRANS 255 COMPUTE STATISTICS 
  TABLESPACE "USERS" ;
--------------------------------------------------------
--  DDL for Index AUTH_USER_USER_ID_P_14A6B632_U
--------------------------------------------------------

  CREATE UNIQUE INDEX "DJANGO"."AUTH_USER_USER_ID_P_14A6B632_U" ON "DJANGO"."AUTH_USER_USER_PERMISSIONS" ("USER_ID", "PERMISSION_ID") 
  PCTFREE 10 INITRANS 2 MAXTRANS 255 COMPUTE STATISTICS 
  TABLESPACE "USERS" ;
--------------------------------------------------------
--  DDL for Index AUTH_USER__USER_ID_6A12ED8B
--------------------------------------------------------

  CREATE INDEX "DJANGO"."AUTH_USER__USER_ID_6A12ED8B" ON "DJANGO"."AUTH_USER_GROUPS" ("USER_ID") 
  PCTFREE 10 INITRANS 2 MAXTRANS 255 COMPUTE STATISTICS 
  TABLESPACE "USERS" ;
--------------------------------------------------------
--  DDL for Index CORE_DETAL_PRODUCTO_I_7AE498EC
--------------------------------------------------------

  CREATE INDEX "DJANGO"."CORE_DETAL_PRODUCTO_I_7AE498EC" ON "DJANGO"."CORE_DETALLEVENTA" ("PRODUCTO_ID") 
  PCTFREE 10 INITRANS 2 MAXTRANS 255 COMPUTE STATISTICS 
  STORAGE(INITIAL 65536 NEXT 1048576 MINEXTENTS 1 MAXEXTENTS 2147483645
  PCTINCREASE 0 FREELISTS 1 FREELIST GROUPS 1
  BUFFER_POOL DEFAULT FLASH_CACHE DEFAULT CELL_FLASH_CACHE DEFAULT)
  TABLESPACE "USERS" ;
--------------------------------------------------------
--  DDL for Index CORE_DETAL_VENTA_ID_55437C7D
--------------------------------------------------------

  CREATE INDEX "DJANGO"."CORE_DETAL_VENTA_ID_55437C7D" ON "DJANGO"."CORE_DETALLEVENTA" ("VENTA_ID") 
  PCTFREE 10 INITRANS 2 MAXTRANS 255 COMPUTE STATISTICS 
  STORAGE(INITIAL 65536 NEXT 1048576 MINEXTENTS 1 MAXEXTENTS 2147483645
  PCTINCREASE 0 FREELISTS 1 FREELIST GROUPS 1
  BUFFER_POOL DEFAULT FLASH_CACHE DEFAULT CELL_FLASH_CACHE DEFAULT)
  TABLESPACE "USERS" ;
--------------------------------------------------------
--  DDL for Index CORE_VENTA_CLIENTE_ID_AE3E3F6C
--------------------------------------------------------

  CREATE INDEX "DJANGO"."CORE_VENTA_CLIENTE_ID_AE3E3F6C" ON "DJANGO"."CORE_VENTA" ("CLIENTE_ID") 
  PCTFREE 10 INITRANS 2 MAXTRANS 255 COMPUTE STATISTICS 
  STORAGE(INITIAL 65536 NEXT 1048576 MINEXTENTS 1 MAXEXTENTS 2147483645
  PCTINCREASE 0 FREELISTS 1 FREELIST GROUPS 1
  BUFFER_POOL DEFAULT FLASH_CACHE DEFAULT CELL_FLASH_CACHE DEFAULT)
  TABLESPACE "USERS" ;
--------------------------------------------------------
--  DDL for Index DJANGO_ADM_CONTENT_TY_C4BCE8EB
--------------------------------------------------------

  CREATE INDEX "DJANGO"."DJANGO_ADM_CONTENT_TY_C4BCE8EB" ON "DJANGO"."DJANGO_ADMIN_LOG" ("CONTENT_TYPE_ID") 
  PCTFREE 10 INITRANS 2 MAXTRANS 255 COMPUTE STATISTICS 
  STORAGE(INITIAL 65536 NEXT 1048576 MINEXTENTS 1 MAXEXTENTS 2147483645
  PCTINCREASE 0 FREELISTS 1 FREELIST GROUPS 1
  BUFFER_POOL DEFAULT FLASH_CACHE DEFAULT CELL_FLASH_CACHE DEFAULT)
  TABLESPACE "USERS" ;
--------------------------------------------------------
--  DDL for Index DJANGO_ADM_USER_ID_C564EBA6
--------------------------------------------------------

  CREATE INDEX "DJANGO"."DJANGO_ADM_USER_ID_C564EBA6" ON "DJANGO"."DJANGO_ADMIN_LOG" ("USER_ID") 
  PCTFREE 10 INITRANS 2 MAXTRANS 255 COMPUTE STATISTICS 
  STORAGE(INITIAL 65536 NEXT 1048576 MINEXTENTS 1 MAXEXTENTS 2147483645
  PCTINCREASE 0 FREELISTS 1 FREELIST GROUPS 1
  BUFFER_POOL DEFAULT FLASH_CACHE DEFAULT CELL_FLASH_CACHE DEFAULT)
  TABLESPACE "USERS" ;
--------------------------------------------------------
--  DDL for Index DJANGO_CO_APP_LABEL_76BD3D3B_U
--------------------------------------------------------

  CREATE UNIQUE INDEX "DJANGO"."DJANGO_CO_APP_LABEL_76BD3D3B_U" ON "DJANGO"."DJANGO_CONTENT_TYPE" ("APP_LABEL", "MODEL") 
  PCTFREE 10 INITRANS 2 MAXTRANS 255 COMPUTE STATISTICS 
  STORAGE(INITIAL 65536 NEXT 1048576 MINEXTENTS 1 MAXEXTENTS 2147483645
  PCTINCREASE 0 FREELISTS 1 FREELIST GROUPS 1
  BUFFER_POOL DEFAULT FLASH_CACHE DEFAULT CELL_FLASH_CACHE DEFAULT)
  TABLESPACE "USERS" ;
--------------------------------------------------------
--  DDL for Index DJANGO_SES_EXPIRE_DAT_A5C62663
--------------------------------------------------------

  CREATE INDEX "DJANGO"."DJANGO_SES_EXPIRE_DAT_A5C62663" ON "DJANGO"."DJANGO_SESSION" ("EXPIRE_DATE") 
  PCTFREE 10 INITRANS 2 MAXTRANS 255 COMPUTE STATISTICS 
  STORAGE(INITIAL 65536 NEXT 1048576 MINEXTENTS 1 MAXEXTENTS 2147483645
  PCTINCREASE 0 FREELISTS 1 FREELIST GROUPS 1
  BUFFER_POOL DEFAULT FLASH_CACHE DEFAULT CELL_FLASH_CACHE DEFAULT)
  TABLESPACE "USERS" ;
--------------------------------------------------------
--  DDL for Index SYS_C008466
--------------------------------------------------------

  CREATE UNIQUE INDEX "DJANGO"."SYS_C008466" ON "DJANGO"."DJANGO_MIGRATIONS" ("ID") 
  PCTFREE 10 INITRANS 2 MAXTRANS 255 
  STORAGE(INITIAL 65536 NEXT 1048576 MINEXTENTS 1 MAXEXTENTS 2147483645
  PCTINCREASE 0 FREELISTS 1 FREELIST GROUPS 1
  BUFFER_POOL DEFAULT FLASH_CACHE DEFAULT CELL_FLASH_CACHE DEFAULT)
  TABLESPACE "USERS" ;
--------------------------------------------------------
--  DDL for Index SYS_C008468
--------------------------------------------------------

  CREATE UNIQUE INDEX "DJANGO"."SYS_C008468" ON "DJANGO"."DJANGO_CONTENT_TYPE" ("ID") 
  PCTFREE 10 INITRANS 2 MAXTRANS 255 
  STORAGE(INITIAL 65536 NEXT 1048576 MINEXTENTS 1 MAXEXTENTS 2147483645
  PCTINCREASE 0 FREELISTS 1 FREELIST GROUPS 1
  BUFFER_POOL DEFAULT FLASH_CACHE DEFAULT CELL_FLASH_CACHE DEFAULT)
  TABLESPACE "USERS" ;
--------------------------------------------------------
--  DDL for Index SYS_C008472
--------------------------------------------------------

  CREATE UNIQUE INDEX "DJANGO"."SYS_C008472" ON "DJANGO"."AUTH_PERMISSION" ("ID") 
  PCTFREE 10 INITRANS 2 MAXTRANS 255 
  STORAGE(INITIAL 65536 NEXT 1048576 MINEXTENTS 1 MAXEXTENTS 2147483645
  PCTINCREASE 0 FREELISTS 1 FREELIST GROUPS 1
  BUFFER_POOL DEFAULT FLASH_CACHE DEFAULT CELL_FLASH_CACHE DEFAULT)
  TABLESPACE "USERS" ;
--------------------------------------------------------
--  DDL for Index SYS_C008474
--------------------------------------------------------

  CREATE UNIQUE INDEX "DJANGO"."SYS_C008474" ON "DJANGO"."AUTH_GROUP" ("ID") 
  PCTFREE 10 INITRANS 2 MAXTRANS 255 
  TABLESPACE "USERS" ;
--------------------------------------------------------
--  DDL for Index SYS_C008475
--------------------------------------------------------

  CREATE UNIQUE INDEX "DJANGO"."SYS_C008475" ON "DJANGO"."AUTH_GROUP" ("NAME") 
  PCTFREE 10 INITRANS 2 MAXTRANS 255 
  TABLESPACE "USERS" ;
--------------------------------------------------------
--  DDL for Index SYS_C008479
--------------------------------------------------------

  CREATE UNIQUE INDEX "DJANGO"."SYS_C008479" ON "DJANGO"."AUTH_GROUP_PERMISSIONS" ("ID") 
  PCTFREE 10 INITRANS 2 MAXTRANS 255 
  TABLESPACE "USERS" ;
--------------------------------------------------------
--  DDL for Index SYS_C008489
--------------------------------------------------------

  CREATE UNIQUE INDEX "DJANGO"."SYS_C008489" ON "DJANGO"."AUTH_USER" ("ID") 
  PCTFREE 10 INITRANS 2 MAXTRANS 255 
  STORAGE(INITIAL 65536 NEXT 1048576 MINEXTENTS 1 MAXEXTENTS 2147483645
  PCTINCREASE 0 FREELISTS 1 FREELIST GROUPS 1
  BUFFER_POOL DEFAULT FLASH_CACHE DEFAULT CELL_FLASH_CACHE DEFAULT)
  TABLESPACE "USERS" ;
--------------------------------------------------------
--  DDL for Index SYS_C008490
--------------------------------------------------------

  CREATE UNIQUE INDEX "DJANGO"."SYS_C008490" ON "DJANGO"."AUTH_USER" ("USERNAME") 
  PCTFREE 10 INITRANS 2 MAXTRANS 255 
  STORAGE(INITIAL 65536 NEXT 1048576 MINEXTENTS 1 MAXEXTENTS 2147483645
  PCTINCREASE 0 FREELISTS 1 FREELIST GROUPS 1
  BUFFER_POOL DEFAULT FLASH_CACHE DEFAULT CELL_FLASH_CACHE DEFAULT)
  TABLESPACE "USERS" ;
--------------------------------------------------------
--  DDL for Index SYS_C008494
--------------------------------------------------------

  CREATE UNIQUE INDEX "DJANGO"."SYS_C008494" ON "DJANGO"."AUTH_USER_GROUPS" ("ID") 
  PCTFREE 10 INITRANS 2 MAXTRANS 255 
  TABLESPACE "USERS" ;
--------------------------------------------------------
--  DDL for Index SYS_C008498
--------------------------------------------------------

  CREATE UNIQUE INDEX "DJANGO"."SYS_C008498" ON "DJANGO"."AUTH_USER_USER_PERMISSIONS" ("ID") 
  PCTFREE 10 INITRANS 2 MAXTRANS 255 
  TABLESPACE "USERS" ;
--------------------------------------------------------
--  DDL for Index SYS_C008515
--------------------------------------------------------

  CREATE UNIQUE INDEX "DJANGO"."SYS_C008515" ON "DJANGO"."DJANGO_ADMIN_LOG" ("ID") 
  PCTFREE 10 INITRANS 2 MAXTRANS 255 
  STORAGE(INITIAL 65536 NEXT 1048576 MINEXTENTS 1 MAXEXTENTS 2147483645
  PCTINCREASE 0 FREELISTS 1 FREELIST GROUPS 1
  BUFFER_POOL DEFAULT FLASH_CACHE DEFAULT CELL_FLASH_CACHE DEFAULT)
  TABLESPACE "USERS" ;
--------------------------------------------------------
--  DDL for Index SYS_C008521
--------------------------------------------------------

  CREATE UNIQUE INDEX "DJANGO"."SYS_C008521" ON "DJANGO"."API_SUSCRIPCION" ("ID") 
  PCTFREE 10 INITRANS 2 MAXTRANS 255 
  STORAGE(INITIAL 65536 NEXT 1048576 MINEXTENTS 1 MAXEXTENTS 2147483645
  PCTINCREASE 0 FREELISTS 1 FREELIST GROUPS 1
  BUFFER_POOL DEFAULT FLASH_CACHE DEFAULT CELL_FLASH_CACHE DEFAULT)
  TABLESPACE "USERS" ;
--------------------------------------------------------
--  DDL for Index SYS_C008527
--------------------------------------------------------

  CREATE UNIQUE INDEX "DJANGO"."SYS_C008527" ON "DJANGO"."CORE_PRODUCTOS" ("CODIGO") 
  PCTFREE 10 INITRANS 2 MAXTRANS 255 
  STORAGE(INITIAL 65536 NEXT 1048576 MINEXTENTS 1 MAXEXTENTS 2147483645
  PCTINCREASE 0 FREELISTS 1 FREELIST GROUPS 1
  BUFFER_POOL DEFAULT FLASH_CACHE DEFAULT CELL_FLASH_CACHE DEFAULT)
  TABLESPACE "USERS" ;
--------------------------------------------------------
--  DDL for Index SYS_C008532
--------------------------------------------------------

  CREATE UNIQUE INDEX "DJANGO"."SYS_C008532" ON "DJANGO"."CORE_VENTA" ("ID") 
  PCTFREE 10 INITRANS 2 MAXTRANS 255 
  STORAGE(INITIAL 65536 NEXT 1048576 MINEXTENTS 1 MAXEXTENTS 2147483645
  PCTINCREASE 0 FREELISTS 1 FREELIST GROUPS 1
  BUFFER_POOL DEFAULT FLASH_CACHE DEFAULT CELL_FLASH_CACHE DEFAULT)
  TABLESPACE "USERS" ;
--------------------------------------------------------
--  DDL for Index SYS_C008538
--------------------------------------------------------

  CREATE UNIQUE INDEX "DJANGO"."SYS_C008538" ON "DJANGO"."CORE_DETALLEVENTA" ("ID") 
  PCTFREE 10 INITRANS 2 MAXTRANS 255 
  STORAGE(INITIAL 65536 NEXT 1048576 MINEXTENTS 1 MAXEXTENTS 2147483645
  PCTINCREASE 0 FREELISTS 1 FREELIST GROUPS 1
  BUFFER_POOL DEFAULT FLASH_CACHE DEFAULT CELL_FLASH_CACHE DEFAULT)
  TABLESPACE "USERS" ;
--------------------------------------------------------
--  DDL for Index SYS_C008544
--------------------------------------------------------

  CREATE UNIQUE INDEX "DJANGO"."SYS_C008544" ON "DJANGO"."DJANGO_SESSION" ("SESSION_KEY") 
  PCTFREE 10 INITRANS 2 MAXTRANS 255 
  STORAGE(INITIAL 65536 NEXT 1048576 MINEXTENTS 1 MAXEXTENTS 2147483645
  PCTINCREASE 0 FREELISTS 1 FREELIST GROUPS 1
  BUFFER_POOL DEFAULT FLASH_CACHE DEFAULT CELL_FLASH_CACHE DEFAULT)
  TABLESPACE "USERS" ;
--------------------------------------------------------
--  DDL for Index SYS_C008521
--------------------------------------------------------

  CREATE UNIQUE INDEX "DJANGO"."SYS_C008521" ON "DJANGO"."API_SUSCRIPCION" ("ID") 
  PCTFREE 10 INITRANS 2 MAXTRANS 255 
  STORAGE(INITIAL 65536 NEXT 1048576 MINEXTENTS 1 MAXEXTENTS 2147483645
  PCTINCREASE 0 FREELISTS 1 FREELIST GROUPS 1
  BUFFER_POOL DEFAULT FLASH_CACHE DEFAULT CELL_FLASH_CACHE DEFAULT)
  TABLESPACE "USERS" ;
--------------------------------------------------------
--  DDL for Index SYS_C008474
--------------------------------------------------------

  CREATE UNIQUE INDEX "DJANGO"."SYS_C008474" ON "DJANGO"."AUTH_GROUP" ("ID") 
  PCTFREE 10 INITRANS 2 MAXTRANS 255 
  TABLESPACE "USERS" ;
--------------------------------------------------------
--  DDL for Index SYS_C008475
--------------------------------------------------------

  CREATE UNIQUE INDEX "DJANGO"."SYS_C008475" ON "DJANGO"."AUTH_GROUP" ("NAME") 
  PCTFREE 10 INITRANS 2 MAXTRANS 255 
  TABLESPACE "USERS" ;
--------------------------------------------------------
--  DDL for Index SYS_C008479
--------------------------------------------------------

  CREATE UNIQUE INDEX "DJANGO"."SYS_C008479" ON "DJANGO"."AUTH_GROUP_PERMISSIONS" ("ID") 
  PCTFREE 10 INITRANS 2 MAXTRANS 255 
  TABLESPACE "USERS" ;
--------------------------------------------------------
--  DDL for Index AUTH_GROU_GROUP_ID__0CD325B0_U
--------------------------------------------------------

  CREATE UNIQUE INDEX "DJANGO"."AUTH_GROU_GROUP_ID__0CD325B0_U" ON "DJANGO"."AUTH_GROUP_PERMISSIONS" ("GROUP_ID", "PERMISSION_ID") 
  PCTFREE 10 INITRANS 2 MAXTRANS 255 COMPUTE STATISTICS 
  TABLESPACE "USERS" ;
--------------------------------------------------------
--  DDL for Index AUTH_GROUP_GROUP_ID_B120CBF9
--------------------------------------------------------

  CREATE INDEX "DJANGO"."AUTH_GROUP_GROUP_ID_B120CBF9" ON "DJANGO"."AUTH_GROUP_PERMISSIONS" ("GROUP_ID") 
  PCTFREE 10 INITRANS 2 MAXTRANS 255 COMPUTE STATISTICS 
  TABLESPACE "USERS" ;
--------------------------------------------------------
--  DDL for Index AUTH_GROUP_PERMISSION_84C5C92E
--------------------------------------------------------

  CREATE INDEX "DJANGO"."AUTH_GROUP_PERMISSION_84C5C92E" ON "DJANGO"."AUTH_GROUP_PERMISSIONS" ("PERMISSION_ID") 
  PCTFREE 10 INITRANS 2 MAXTRANS 255 COMPUTE STATISTICS 
  TABLESPACE "USERS" ;
--------------------------------------------------------
--  DDL for Index SYS_C008472
--------------------------------------------------------

  CREATE UNIQUE INDEX "DJANGO"."SYS_C008472" ON "DJANGO"."AUTH_PERMISSION" ("ID") 
  PCTFREE 10 INITRANS 2 MAXTRANS 255 
  STORAGE(INITIAL 65536 NEXT 1048576 MINEXTENTS 1 MAXEXTENTS 2147483645
  PCTINCREASE 0 FREELISTS 1 FREELIST GROUPS 1
  BUFFER_POOL DEFAULT FLASH_CACHE DEFAULT CELL_FLASH_CACHE DEFAULT)
  TABLESPACE "USERS" ;
--------------------------------------------------------
--  DDL for Index AUTH_PERM_CONTENT_T_01AB375A_U
--------------------------------------------------------

  CREATE UNIQUE INDEX "DJANGO"."AUTH_PERM_CONTENT_T_01AB375A_U" ON "DJANGO"."AUTH_PERMISSION" ("CONTENT_TYPE_ID", "CODENAME") 
  PCTFREE 10 INITRANS 2 MAXTRANS 255 COMPUTE STATISTICS 
  STORAGE(INITIAL 65536 NEXT 1048576 MINEXTENTS 1 MAXEXTENTS 2147483645
  PCTINCREASE 0 FREELISTS 1 FREELIST GROUPS 1
  BUFFER_POOL DEFAULT FLASH_CACHE DEFAULT CELL_FLASH_CACHE DEFAULT)
  TABLESPACE "USERS" ;
--------------------------------------------------------
--  DDL for Index AUTH_PERMI_CONTENT_TY_2F476E4B
--------------------------------------------------------

  CREATE INDEX "DJANGO"."AUTH_PERMI_CONTENT_TY_2F476E4B" ON "DJANGO"."AUTH_PERMISSION" ("CONTENT_TYPE_ID") 
  PCTFREE 10 INITRANS 2 MAXTRANS 255 COMPUTE STATISTICS 
  STORAGE(INITIAL 65536 NEXT 1048576 MINEXTENTS 1 MAXEXTENTS 2147483645
  PCTINCREASE 0 FREELISTS 1 FREELIST GROUPS 1
  BUFFER_POOL DEFAULT FLASH_CACHE DEFAULT CELL_FLASH_CACHE DEFAULT)
  TABLESPACE "USERS" ;
--------------------------------------------------------
--  DDL for Index SYS_C008489
--------------------------------------------------------

  CREATE UNIQUE INDEX "DJANGO"."SYS_C008489" ON "DJANGO"."AUTH_USER" ("ID") 
  PCTFREE 10 INITRANS 2 MAXTRANS 255 
  STORAGE(INITIAL 65536 NEXT 1048576 MINEXTENTS 1 MAXEXTENTS 2147483645
  PCTINCREASE 0 FREELISTS 1 FREELIST GROUPS 1
  BUFFER_POOL DEFAULT FLASH_CACHE DEFAULT CELL_FLASH_CACHE DEFAULT)
  TABLESPACE "USERS" ;
--------------------------------------------------------
--  DDL for Index SYS_C008490
--------------------------------------------------------

  CREATE UNIQUE INDEX "DJANGO"."SYS_C008490" ON "DJANGO"."AUTH_USER" ("USERNAME") 
  PCTFREE 10 INITRANS 2 MAXTRANS 255 
  STORAGE(INITIAL 65536 NEXT 1048576 MINEXTENTS 1 MAXEXTENTS 2147483645
  PCTINCREASE 0 FREELISTS 1 FREELIST GROUPS 1
  BUFFER_POOL DEFAULT FLASH_CACHE DEFAULT CELL_FLASH_CACHE DEFAULT)
  TABLESPACE "USERS" ;
--------------------------------------------------------
--  DDL for Index AUTH_USER_USER_ID_G_94350C0C_U
--------------------------------------------------------

  CREATE UNIQUE INDEX "DJANGO"."AUTH_USER_USER_ID_G_94350C0C_U" ON "DJANGO"."AUTH_USER_GROUPS" ("USER_ID", "GROUP_ID") 
  PCTFREE 10 INITRANS 2 MAXTRANS 255 COMPUTE STATISTICS 
  TABLESPACE "USERS" ;
--------------------------------------------------------
--  DDL for Index AUTH_USER__USER_ID_6A12ED8B
--------------------------------------------------------

  CREATE INDEX "DJANGO"."AUTH_USER__USER_ID_6A12ED8B" ON "DJANGO"."AUTH_USER_GROUPS" ("USER_ID") 
  PCTFREE 10 INITRANS 2 MAXTRANS 255 COMPUTE STATISTICS 
  TABLESPACE "USERS" ;
--------------------------------------------------------
--  DDL for Index AUTH_USER__GROUP_ID_97559544
--------------------------------------------------------

  CREATE INDEX "DJANGO"."AUTH_USER__GROUP_ID_97559544" ON "DJANGO"."AUTH_USER_GROUPS" ("GROUP_ID") 
  PCTFREE 10 INITRANS 2 MAXTRANS 255 COMPUTE STATISTICS 
  TABLESPACE "USERS" ;
--------------------------------------------------------
--  DDL for Index SYS_C008494
--------------------------------------------------------

  CREATE UNIQUE INDEX "DJANGO"."SYS_C008494" ON "DJANGO"."AUTH_USER_GROUPS" ("ID") 
  PCTFREE 10 INITRANS 2 MAXTRANS 255 
  TABLESPACE "USERS" ;
--------------------------------------------------------
--  DDL for Index AUTH_USER_USER_ID_P_14A6B632_U
--------------------------------------------------------

  CREATE UNIQUE INDEX "DJANGO"."AUTH_USER_USER_ID_P_14A6B632_U" ON "DJANGO"."AUTH_USER_USER_PERMISSIONS" ("USER_ID", "PERMISSION_ID") 
  PCTFREE 10 INITRANS 2 MAXTRANS 255 COMPUTE STATISTICS 
  TABLESPACE "USERS" ;
--------------------------------------------------------
--  DDL for Index AUTH_USER__USER_ID_A95EAD1B
--------------------------------------------------------

  CREATE INDEX "DJANGO"."AUTH_USER__USER_ID_A95EAD1B" ON "DJANGO"."AUTH_USER_USER_PERMISSIONS" ("USER_ID") 
  PCTFREE 10 INITRANS 2 MAXTRANS 255 COMPUTE STATISTICS 
  TABLESPACE "USERS" ;
--------------------------------------------------------
--  DDL for Index AUTH_USER__PERMISSION_1FBB5F2C
--------------------------------------------------------

  CREATE INDEX "DJANGO"."AUTH_USER__PERMISSION_1FBB5F2C" ON "DJANGO"."AUTH_USER_USER_PERMISSIONS" ("PERMISSION_ID") 
  PCTFREE 10 INITRANS 2 MAXTRANS 255 COMPUTE STATISTICS 
  TABLESPACE "USERS" ;
--------------------------------------------------------
--  DDL for Index SYS_C008498
--------------------------------------------------------

  CREATE UNIQUE INDEX "DJANGO"."SYS_C008498" ON "DJANGO"."AUTH_USER_USER_PERMISSIONS" ("ID") 
  PCTFREE 10 INITRANS 2 MAXTRANS 255 
  TABLESPACE "USERS" ;
--------------------------------------------------------
--  DDL for Index SYS_C008538
--------------------------------------------------------

  CREATE UNIQUE INDEX "DJANGO"."SYS_C008538" ON "DJANGO"."CORE_DETALLEVENTA" ("ID") 
  PCTFREE 10 INITRANS 2 MAXTRANS 255 
  STORAGE(INITIAL 65536 NEXT 1048576 MINEXTENTS 1 MAXEXTENTS 2147483645
  PCTINCREASE 0 FREELISTS 1 FREELIST GROUPS 1
  BUFFER_POOL DEFAULT FLASH_CACHE DEFAULT CELL_FLASH_CACHE DEFAULT)
  TABLESPACE "USERS" ;
--------------------------------------------------------
--  DDL for Index CORE_DETAL_PRODUCTO_I_7AE498EC
--------------------------------------------------------

  CREATE INDEX "DJANGO"."CORE_DETAL_PRODUCTO_I_7AE498EC" ON "DJANGO"."CORE_DETALLEVENTA" ("PRODUCTO_ID") 
  PCTFREE 10 INITRANS 2 MAXTRANS 255 COMPUTE STATISTICS 
  STORAGE(INITIAL 65536 NEXT 1048576 MINEXTENTS 1 MAXEXTENTS 2147483645
  PCTINCREASE 0 FREELISTS 1 FREELIST GROUPS 1
  BUFFER_POOL DEFAULT FLASH_CACHE DEFAULT CELL_FLASH_CACHE DEFAULT)
  TABLESPACE "USERS" ;
--------------------------------------------------------
--  DDL for Index CORE_DETAL_VENTA_ID_55437C7D
--------------------------------------------------------

  CREATE INDEX "DJANGO"."CORE_DETAL_VENTA_ID_55437C7D" ON "DJANGO"."CORE_DETALLEVENTA" ("VENTA_ID") 
  PCTFREE 10 INITRANS 2 MAXTRANS 255 COMPUTE STATISTICS 
  STORAGE(INITIAL 65536 NEXT 1048576 MINEXTENTS 1 MAXEXTENTS 2147483645
  PCTINCREASE 0 FREELISTS 1 FREELIST GROUPS 1
  BUFFER_POOL DEFAULT FLASH_CACHE DEFAULT CELL_FLASH_CACHE DEFAULT)
  TABLESPACE "USERS" ;
--------------------------------------------------------
--  DDL for Index SYS_C008527
--------------------------------------------------------

  CREATE UNIQUE INDEX "DJANGO"."SYS_C008527" ON "DJANGO"."CORE_PRODUCTOS" ("CODIGO") 
  PCTFREE 10 INITRANS 2 MAXTRANS 255 
  STORAGE(INITIAL 65536 NEXT 1048576 MINEXTENTS 1 MAXEXTENTS 2147483645
  PCTINCREASE 0 FREELISTS 1 FREELIST GROUPS 1
  BUFFER_POOL DEFAULT FLASH_CACHE DEFAULT CELL_FLASH_CACHE DEFAULT)
  TABLESPACE "USERS" ;
--------------------------------------------------------
--  DDL for Index SYS_C008532
--------------------------------------------------------

  CREATE UNIQUE INDEX "DJANGO"."SYS_C008532" ON "DJANGO"."CORE_VENTA" ("ID") 
  PCTFREE 10 INITRANS 2 MAXTRANS 255 
  STORAGE(INITIAL 65536 NEXT 1048576 MINEXTENTS 1 MAXEXTENTS 2147483645
  PCTINCREASE 0 FREELISTS 1 FREELIST GROUPS 1
  BUFFER_POOL DEFAULT FLASH_CACHE DEFAULT CELL_FLASH_CACHE DEFAULT)
  TABLESPACE "USERS" ;
--------------------------------------------------------
--  DDL for Index CORE_VENTA_CLIENTE_ID_AE3E3F6C
--------------------------------------------------------

  CREATE INDEX "DJANGO"."CORE_VENTA_CLIENTE_ID_AE3E3F6C" ON "DJANGO"."CORE_VENTA" ("CLIENTE_ID") 
  PCTFREE 10 INITRANS 2 MAXTRANS 255 COMPUTE STATISTICS 
  STORAGE(INITIAL 65536 NEXT 1048576 MINEXTENTS 1 MAXEXTENTS 2147483645
  PCTINCREASE 0 FREELISTS 1 FREELIST GROUPS 1
  BUFFER_POOL DEFAULT FLASH_CACHE DEFAULT CELL_FLASH_CACHE DEFAULT)
  TABLESPACE "USERS" ;
--------------------------------------------------------
--  DDL for Index SYS_C008515
--------------------------------------------------------

  CREATE UNIQUE INDEX "DJANGO"."SYS_C008515" ON "DJANGO"."DJANGO_ADMIN_LOG" ("ID") 
  PCTFREE 10 INITRANS 2 MAXTRANS 255 
  STORAGE(INITIAL 65536 NEXT 1048576 MINEXTENTS 1 MAXEXTENTS 2147483645
  PCTINCREASE 0 FREELISTS 1 FREELIST GROUPS 1
  BUFFER_POOL DEFAULT FLASH_CACHE DEFAULT CELL_FLASH_CACHE DEFAULT)
  TABLESPACE "USERS" ;
--------------------------------------------------------
--  DDL for Index DJANGO_ADM_CONTENT_TY_C4BCE8EB
--------------------------------------------------------

  CREATE INDEX "DJANGO"."DJANGO_ADM_CONTENT_TY_C4BCE8EB" ON "DJANGO"."DJANGO_ADMIN_LOG" ("CONTENT_TYPE_ID") 
  PCTFREE 10 INITRANS 2 MAXTRANS 255 COMPUTE STATISTICS 
  STORAGE(INITIAL 65536 NEXT 1048576 MINEXTENTS 1 MAXEXTENTS 2147483645
  PCTINCREASE 0 FREELISTS 1 FREELIST GROUPS 1
  BUFFER_POOL DEFAULT FLASH_CACHE DEFAULT CELL_FLASH_CACHE DEFAULT)
  TABLESPACE "USERS" ;
--------------------------------------------------------
--  DDL for Index DJANGO_ADM_USER_ID_C564EBA6
--------------------------------------------------------

  CREATE INDEX "DJANGO"."DJANGO_ADM_USER_ID_C564EBA6" ON "DJANGO"."DJANGO_ADMIN_LOG" ("USER_ID") 
  PCTFREE 10 INITRANS 2 MAXTRANS 255 COMPUTE STATISTICS 
  STORAGE(INITIAL 65536 NEXT 1048576 MINEXTENTS 1 MAXEXTENTS 2147483645
  PCTINCREASE 0 FREELISTS 1 FREELIST GROUPS 1
  BUFFER_POOL DEFAULT FLASH_CACHE DEFAULT CELL_FLASH_CACHE DEFAULT)
  TABLESPACE "USERS" ;
--------------------------------------------------------
--  DDL for Index SYS_C008468
--------------------------------------------------------

  CREATE UNIQUE INDEX "DJANGO"."SYS_C008468" ON "DJANGO"."DJANGO_CONTENT_TYPE" ("ID") 
  PCTFREE 10 INITRANS 2 MAXTRANS 255 
  STORAGE(INITIAL 65536 NEXT 1048576 MINEXTENTS 1 MAXEXTENTS 2147483645
  PCTINCREASE 0 FREELISTS 1 FREELIST GROUPS 1
  BUFFER_POOL DEFAULT FLASH_CACHE DEFAULT CELL_FLASH_CACHE DEFAULT)
  TABLESPACE "USERS" ;
--------------------------------------------------------
--  DDL for Index DJANGO_CO_APP_LABEL_76BD3D3B_U
--------------------------------------------------------

  CREATE UNIQUE INDEX "DJANGO"."DJANGO_CO_APP_LABEL_76BD3D3B_U" ON "DJANGO"."DJANGO_CONTENT_TYPE" ("APP_LABEL", "MODEL") 
  PCTFREE 10 INITRANS 2 MAXTRANS 255 COMPUTE STATISTICS 
  STORAGE(INITIAL 65536 NEXT 1048576 MINEXTENTS 1 MAXEXTENTS 2147483645
  PCTINCREASE 0 FREELISTS 1 FREELIST GROUPS 1
  BUFFER_POOL DEFAULT FLASH_CACHE DEFAULT CELL_FLASH_CACHE DEFAULT)
  TABLESPACE "USERS" ;
--------------------------------------------------------
--  DDL for Index SYS_C008466
--------------------------------------------------------

  CREATE UNIQUE INDEX "DJANGO"."SYS_C008466" ON "DJANGO"."DJANGO_MIGRATIONS" ("ID") 
  PCTFREE 10 INITRANS 2 MAXTRANS 255 
  STORAGE(INITIAL 65536 NEXT 1048576 MINEXTENTS 1 MAXEXTENTS 2147483645
  PCTINCREASE 0 FREELISTS 1 FREELIST GROUPS 1
  BUFFER_POOL DEFAULT FLASH_CACHE DEFAULT CELL_FLASH_CACHE DEFAULT)
  TABLESPACE "USERS" ;
--------------------------------------------------------
--  DDL for Index SYS_C008544
--------------------------------------------------------

  CREATE UNIQUE INDEX "DJANGO"."SYS_C008544" ON "DJANGO"."DJANGO_SESSION" ("SESSION_KEY") 
  PCTFREE 10 INITRANS 2 MAXTRANS 255 
  STORAGE(INITIAL 65536 NEXT 1048576 MINEXTENTS 1 MAXEXTENTS 2147483645
  PCTINCREASE 0 FREELISTS 1 FREELIST GROUPS 1
  BUFFER_POOL DEFAULT FLASH_CACHE DEFAULT CELL_FLASH_CACHE DEFAULT)
  TABLESPACE "USERS" ;
--------------------------------------------------------
--  DDL for Index DJANGO_SES_EXPIRE_DAT_A5C62663
--------------------------------------------------------

  CREATE INDEX "DJANGO"."DJANGO_SES_EXPIRE_DAT_A5C62663" ON "DJANGO"."DJANGO_SESSION" ("EXPIRE_DATE") 
  PCTFREE 10 INITRANS 2 MAXTRANS 255 COMPUTE STATISTICS 
  STORAGE(INITIAL 65536 NEXT 1048576 MINEXTENTS 1 MAXEXTENTS 2147483645
  PCTINCREASE 0 FREELISTS 1 FREELIST GROUPS 1
  BUFFER_POOL DEFAULT FLASH_CACHE DEFAULT CELL_FLASH_CACHE DEFAULT)
  TABLESPACE "USERS" ;
--------------------------------------------------------
--  Constraints for Table API_SUSCRIPCION
--------------------------------------------------------

  ALTER TABLE "DJANGO"."API_SUSCRIPCION" MODIFY ("ID" NOT NULL ENABLE);
  ALTER TABLE "DJANGO"."API_SUSCRIPCION" MODIFY ("ESTADO" NOT NULL ENABLE);
  ALTER TABLE "DJANGO"."API_SUSCRIPCION" ADD CHECK ("ESTADO" IN (0,1)) ENABLE;
  ALTER TABLE "DJANGO"."API_SUSCRIPCION" ADD PRIMARY KEY ("ID")
  USING INDEX PCTFREE 10 INITRANS 2 MAXTRANS 255 
  STORAGE(INITIAL 65536 NEXT 1048576 MINEXTENTS 1 MAXEXTENTS 2147483645
  PCTINCREASE 0 FREELISTS 1 FREELIST GROUPS 1
  BUFFER_POOL DEFAULT FLASH_CACHE DEFAULT CELL_FLASH_CACHE DEFAULT)
  TABLESPACE "USERS"  ENABLE;
--------------------------------------------------------
--  Constraints for Table AUTH_GROUP
--------------------------------------------------------

  ALTER TABLE "DJANGO"."AUTH_GROUP" MODIFY ("ID" NOT NULL ENABLE);
  ALTER TABLE "DJANGO"."AUTH_GROUP" ADD PRIMARY KEY ("ID")
  USING INDEX PCTFREE 10 INITRANS 2 MAXTRANS 255 
  TABLESPACE "USERS"  ENABLE;
  ALTER TABLE "DJANGO"."AUTH_GROUP" ADD UNIQUE ("NAME")
  USING INDEX PCTFREE 10 INITRANS 2 MAXTRANS 255 
  TABLESPACE "USERS"  ENABLE;
--------------------------------------------------------
--  Constraints for Table AUTH_GROUP_PERMISSIONS
--------------------------------------------------------

  ALTER TABLE "DJANGO"."AUTH_GROUP_PERMISSIONS" MODIFY ("ID" NOT NULL ENABLE);
  ALTER TABLE "DJANGO"."AUTH_GROUP_PERMISSIONS" MODIFY ("GROUP_ID" NOT NULL ENABLE);
  ALTER TABLE "DJANGO"."AUTH_GROUP_PERMISSIONS" MODIFY ("PERMISSION_ID" NOT NULL ENABLE);
  ALTER TABLE "DJANGO"."AUTH_GROUP_PERMISSIONS" ADD PRIMARY KEY ("ID")
  USING INDEX PCTFREE 10 INITRANS 2 MAXTRANS 255 
  TABLESPACE "USERS"  ENABLE;
  ALTER TABLE "DJANGO"."AUTH_GROUP_PERMISSIONS" ADD CONSTRAINT "AUTH_GROU_GROUP_ID__0CD325B0_U" UNIQUE ("GROUP_ID", "PERMISSION_ID")
  USING INDEX PCTFREE 10 INITRANS 2 MAXTRANS 255 COMPUTE STATISTICS 
  TABLESPACE "USERS"  ENABLE;
--------------------------------------------------------
--  Constraints for Table AUTH_PERMISSION
--------------------------------------------------------

  ALTER TABLE "DJANGO"."AUTH_PERMISSION" MODIFY ("ID" NOT NULL ENABLE);
  ALTER TABLE "DJANGO"."AUTH_PERMISSION" MODIFY ("CONTENT_TYPE_ID" NOT NULL ENABLE);
  ALTER TABLE "DJANGO"."AUTH_PERMISSION" ADD PRIMARY KEY ("ID")
  USING INDEX PCTFREE 10 INITRANS 2 MAXTRANS 255 
  STORAGE(INITIAL 65536 NEXT 1048576 MINEXTENTS 1 MAXEXTENTS 2147483645
  PCTINCREASE 0 FREELISTS 1 FREELIST GROUPS 1
  BUFFER_POOL DEFAULT FLASH_CACHE DEFAULT CELL_FLASH_CACHE DEFAULT)
  TABLESPACE "USERS"  ENABLE;
  ALTER TABLE "DJANGO"."AUTH_PERMISSION" ADD CONSTRAINT "AUTH_PERM_CONTENT_T_01AB375A_U" UNIQUE ("CONTENT_TYPE_ID", "CODENAME")
  USING INDEX PCTFREE 10 INITRANS 2 MAXTRANS 255 COMPUTE STATISTICS 
  STORAGE(INITIAL 65536 NEXT 1048576 MINEXTENTS 1 MAXEXTENTS 2147483645
  PCTINCREASE 0 FREELISTS 1 FREELIST GROUPS 1
  BUFFER_POOL DEFAULT FLASH_CACHE DEFAULT CELL_FLASH_CACHE DEFAULT)
  TABLESPACE "USERS"  ENABLE;
--------------------------------------------------------
--  Constraints for Table AUTH_USER
--------------------------------------------------------

  ALTER TABLE "DJANGO"."AUTH_USER" MODIFY ("ID" NOT NULL ENABLE);
  ALTER TABLE "DJANGO"."AUTH_USER" MODIFY ("IS_SUPERUSER" NOT NULL ENABLE);
  ALTER TABLE "DJANGO"."AUTH_USER" MODIFY ("IS_STAFF" NOT NULL ENABLE);
  ALTER TABLE "DJANGO"."AUTH_USER" MODIFY ("IS_ACTIVE" NOT NULL ENABLE);
  ALTER TABLE "DJANGO"."AUTH_USER" MODIFY ("DATE_JOINED" NOT NULL ENABLE);
  ALTER TABLE "DJANGO"."AUTH_USER" ADD CHECK ("IS_SUPERUSER" IN (0,1)) ENABLE;
  ALTER TABLE "DJANGO"."AUTH_USER" ADD CHECK ("IS_STAFF" IN (0,1)) ENABLE;
  ALTER TABLE "DJANGO"."AUTH_USER" ADD CHECK ("IS_ACTIVE" IN (0,1)) ENABLE;
  ALTER TABLE "DJANGO"."AUTH_USER" ADD PRIMARY KEY ("ID")
  USING INDEX PCTFREE 10 INITRANS 2 MAXTRANS 255 
  STORAGE(INITIAL 65536 NEXT 1048576 MINEXTENTS 1 MAXEXTENTS 2147483645
  PCTINCREASE 0 FREELISTS 1 FREELIST GROUPS 1
  BUFFER_POOL DEFAULT FLASH_CACHE DEFAULT CELL_FLASH_CACHE DEFAULT)
  TABLESPACE "USERS"  ENABLE;
  ALTER TABLE "DJANGO"."AUTH_USER" ADD UNIQUE ("USERNAME")
  USING INDEX PCTFREE 10 INITRANS 2 MAXTRANS 255 
  STORAGE(INITIAL 65536 NEXT 1048576 MINEXTENTS 1 MAXEXTENTS 2147483645
  PCTINCREASE 0 FREELISTS 1 FREELIST GROUPS 1
  BUFFER_POOL DEFAULT FLASH_CACHE DEFAULT CELL_FLASH_CACHE DEFAULT)
  TABLESPACE "USERS"  ENABLE;
--------------------------------------------------------
--  Constraints for Table AUTH_USER_GROUPS
--------------------------------------------------------

  ALTER TABLE "DJANGO"."AUTH_USER_GROUPS" MODIFY ("ID" NOT NULL ENABLE);
  ALTER TABLE "DJANGO"."AUTH_USER_GROUPS" MODIFY ("USER_ID" NOT NULL ENABLE);
  ALTER TABLE "DJANGO"."AUTH_USER_GROUPS" MODIFY ("GROUP_ID" NOT NULL ENABLE);
  ALTER TABLE "DJANGO"."AUTH_USER_GROUPS" ADD PRIMARY KEY ("ID")
  USING INDEX PCTFREE 10 INITRANS 2 MAXTRANS 255 
  TABLESPACE "USERS"  ENABLE;
  ALTER TABLE "DJANGO"."AUTH_USER_GROUPS" ADD CONSTRAINT "AUTH_USER_USER_ID_G_94350C0C_U" UNIQUE ("USER_ID", "GROUP_ID")
  USING INDEX PCTFREE 10 INITRANS 2 MAXTRANS 255 COMPUTE STATISTICS 
  TABLESPACE "USERS"  ENABLE;
--------------------------------------------------------
--  Constraints for Table AUTH_USER_USER_PERMISSIONS
--------------------------------------------------------

  ALTER TABLE "DJANGO"."AUTH_USER_USER_PERMISSIONS" MODIFY ("ID" NOT NULL ENABLE);
  ALTER TABLE "DJANGO"."AUTH_USER_USER_PERMISSIONS" MODIFY ("USER_ID" NOT NULL ENABLE);
  ALTER TABLE "DJANGO"."AUTH_USER_USER_PERMISSIONS" MODIFY ("PERMISSION_ID" NOT NULL ENABLE);
  ALTER TABLE "DJANGO"."AUTH_USER_USER_PERMISSIONS" ADD PRIMARY KEY ("ID")
  USING INDEX PCTFREE 10 INITRANS 2 MAXTRANS 255 
  TABLESPACE "USERS"  ENABLE;
  ALTER TABLE "DJANGO"."AUTH_USER_USER_PERMISSIONS" ADD CONSTRAINT "AUTH_USER_USER_ID_P_14A6B632_U" UNIQUE ("USER_ID", "PERMISSION_ID")
  USING INDEX PCTFREE 10 INITRANS 2 MAXTRANS 255 COMPUTE STATISTICS 
  TABLESPACE "USERS"  ENABLE;
--------------------------------------------------------
--  Constraints for Table CORE_DETALLEVENTA
--------------------------------------------------------

  ALTER TABLE "DJANGO"."CORE_DETALLEVENTA" MODIFY ("ID" NOT NULL ENABLE);
  ALTER TABLE "DJANGO"."CORE_DETALLEVENTA" MODIFY ("CANTIDAD" NOT NULL ENABLE);
  ALTER TABLE "DJANGO"."CORE_DETALLEVENTA" MODIFY ("PRECIO" NOT NULL ENABLE);
  ALTER TABLE "DJANGO"."CORE_DETALLEVENTA" MODIFY ("PRODUCTO_ID" NOT NULL ENABLE);
  ALTER TABLE "DJANGO"."CORE_DETALLEVENTA" MODIFY ("VENTA_ID" NOT NULL ENABLE);
  ALTER TABLE "DJANGO"."CORE_DETALLEVENTA" ADD PRIMARY KEY ("ID")
  USING INDEX PCTFREE 10 INITRANS 2 MAXTRANS 255 
  STORAGE(INITIAL 65536 NEXT 1048576 MINEXTENTS 1 MAXEXTENTS 2147483645
  PCTINCREASE 0 FREELISTS 1 FREELIST GROUPS 1
  BUFFER_POOL DEFAULT FLASH_CACHE DEFAULT CELL_FLASH_CACHE DEFAULT)
  TABLESPACE "USERS"  ENABLE;
--------------------------------------------------------
--  Constraints for Table CORE_PRODUCTOS
--------------------------------------------------------

  ALTER TABLE "DJANGO"."CORE_PRODUCTOS" MODIFY ("CODIGO" NOT NULL ENABLE);
  ALTER TABLE "DJANGO"."CORE_PRODUCTOS" MODIFY ("PRECIO" NOT NULL ENABLE);
  ALTER TABLE "DJANGO"."CORE_PRODUCTOS" MODIFY ("STOCK" NOT NULL ENABLE);
  ALTER TABLE "DJANGO"."CORE_PRODUCTOS" MODIFY ("OFERTA" NOT NULL ENABLE);
  ALTER TABLE "DJANGO"."CORE_PRODUCTOS" ADD CHECK ("OFERTA" IN (0,1)) ENABLE;
  ALTER TABLE "DJANGO"."CORE_PRODUCTOS" ADD PRIMARY KEY ("CODIGO")
  USING INDEX PCTFREE 10 INITRANS 2 MAXTRANS 255 
  STORAGE(INITIAL 65536 NEXT 1048576 MINEXTENTS 1 MAXEXTENTS 2147483645
  PCTINCREASE 0 FREELISTS 1 FREELIST GROUPS 1
  BUFFER_POOL DEFAULT FLASH_CACHE DEFAULT CELL_FLASH_CACHE DEFAULT)
  TABLESPACE "USERS"  ENABLE;
--------------------------------------------------------
--  Constraints for Table CORE_VENTA
--------------------------------------------------------

  ALTER TABLE "DJANGO"."CORE_VENTA" MODIFY ("ID" NOT NULL ENABLE);
  ALTER TABLE "DJANGO"."CORE_VENTA" MODIFY ("FECHA" NOT NULL ENABLE);
  ALTER TABLE "DJANGO"."CORE_VENTA" MODIFY ("TOTAL" NOT NULL ENABLE);
  ALTER TABLE "DJANGO"."CORE_VENTA" MODIFY ("CLIENTE_ID" NOT NULL ENABLE);
  ALTER TABLE "DJANGO"."CORE_VENTA" ADD PRIMARY KEY ("ID")
  USING INDEX PCTFREE 10 INITRANS 2 MAXTRANS 255 
  STORAGE(INITIAL 65536 NEXT 1048576 MINEXTENTS 1 MAXEXTENTS 2147483645
  PCTINCREASE 0 FREELISTS 1 FREELIST GROUPS 1
  BUFFER_POOL DEFAULT FLASH_CACHE DEFAULT CELL_FLASH_CACHE DEFAULT)
  TABLESPACE "USERS"  ENABLE;
--------------------------------------------------------
--  Constraints for Table DJANGO_ADMIN_LOG
--------------------------------------------------------

  ALTER TABLE "DJANGO"."DJANGO_ADMIN_LOG" MODIFY ("ID" NOT NULL ENABLE);
  ALTER TABLE "DJANGO"."DJANGO_ADMIN_LOG" MODIFY ("ACTION_TIME" NOT NULL ENABLE);
  ALTER TABLE "DJANGO"."DJANGO_ADMIN_LOG" MODIFY ("ACTION_FLAG" NOT NULL ENABLE);
  ALTER TABLE "DJANGO"."DJANGO_ADMIN_LOG" MODIFY ("USER_ID" NOT NULL ENABLE);
  ALTER TABLE "DJANGO"."DJANGO_ADMIN_LOG" ADD CHECK ("ACTION_FLAG" >= 0) ENABLE;
  ALTER TABLE "DJANGO"."DJANGO_ADMIN_LOG" ADD PRIMARY KEY ("ID")
  USING INDEX PCTFREE 10 INITRANS 2 MAXTRANS 255 
  STORAGE(INITIAL 65536 NEXT 1048576 MINEXTENTS 1 MAXEXTENTS 2147483645
  PCTINCREASE 0 FREELISTS 1 FREELIST GROUPS 1
  BUFFER_POOL DEFAULT FLASH_CACHE DEFAULT CELL_FLASH_CACHE DEFAULT)
  TABLESPACE "USERS"  ENABLE;
--------------------------------------------------------
--  Constraints for Table DJANGO_CONTENT_TYPE
--------------------------------------------------------

  ALTER TABLE "DJANGO"."DJANGO_CONTENT_TYPE" MODIFY ("ID" NOT NULL ENABLE);
  ALTER TABLE "DJANGO"."DJANGO_CONTENT_TYPE" ADD PRIMARY KEY ("ID")
  USING INDEX PCTFREE 10 INITRANS 2 MAXTRANS 255 
  STORAGE(INITIAL 65536 NEXT 1048576 MINEXTENTS 1 MAXEXTENTS 2147483645
  PCTINCREASE 0 FREELISTS 1 FREELIST GROUPS 1
  BUFFER_POOL DEFAULT FLASH_CACHE DEFAULT CELL_FLASH_CACHE DEFAULT)
  TABLESPACE "USERS"  ENABLE;
  ALTER TABLE "DJANGO"."DJANGO_CONTENT_TYPE" ADD CONSTRAINT "DJANGO_CO_APP_LABEL_76BD3D3B_U" UNIQUE ("APP_LABEL", "MODEL")
  USING INDEX PCTFREE 10 INITRANS 2 MAXTRANS 255 COMPUTE STATISTICS 
  STORAGE(INITIAL 65536 NEXT 1048576 MINEXTENTS 1 MAXEXTENTS 2147483645
  PCTINCREASE 0 FREELISTS 1 FREELIST GROUPS 1
  BUFFER_POOL DEFAULT FLASH_CACHE DEFAULT CELL_FLASH_CACHE DEFAULT)
  TABLESPACE "USERS"  ENABLE;
--------------------------------------------------------
--  Constraints for Table DJANGO_MIGRATIONS
--------------------------------------------------------

  ALTER TABLE "DJANGO"."DJANGO_MIGRATIONS" MODIFY ("ID" NOT NULL ENABLE);
  ALTER TABLE "DJANGO"."DJANGO_MIGRATIONS" MODIFY ("APPLIED" NOT NULL ENABLE);
  ALTER TABLE "DJANGO"."DJANGO_MIGRATIONS" ADD PRIMARY KEY ("ID")
  USING INDEX PCTFREE 10 INITRANS 2 MAXTRANS 255 
  STORAGE(INITIAL 65536 NEXT 1048576 MINEXTENTS 1 MAXEXTENTS 2147483645
  PCTINCREASE 0 FREELISTS 1 FREELIST GROUPS 1
  BUFFER_POOL DEFAULT FLASH_CACHE DEFAULT CELL_FLASH_CACHE DEFAULT)
  TABLESPACE "USERS"  ENABLE;
--------------------------------------------------------
--  Constraints for Table DJANGO_SESSION
--------------------------------------------------------

  ALTER TABLE "DJANGO"."DJANGO_SESSION" MODIFY ("SESSION_KEY" NOT NULL ENABLE);
  ALTER TABLE "DJANGO"."DJANGO_SESSION" MODIFY ("EXPIRE_DATE" NOT NULL ENABLE);
  ALTER TABLE "DJANGO"."DJANGO_SESSION" ADD PRIMARY KEY ("SESSION_KEY")
  USING INDEX PCTFREE 10 INITRANS 2 MAXTRANS 255 
  STORAGE(INITIAL 65536 NEXT 1048576 MINEXTENTS 1 MAXEXTENTS 2147483645
  PCTINCREASE 0 FREELISTS 1 FREELIST GROUPS 1
  BUFFER_POOL DEFAULT FLASH_CACHE DEFAULT CELL_FLASH_CACHE DEFAULT)
  TABLESPACE "USERS"  ENABLE;
--------------------------------------------------------
--  Ref Constraints for Table AUTH_GROUP_PERMISSIONS
--------------------------------------------------------

  ALTER TABLE "DJANGO"."AUTH_GROUP_PERMISSIONS" ADD CONSTRAINT "AUTH_GROU_GROUP_ID_B120CBF9_F" FOREIGN KEY ("GROUP_ID")
	  REFERENCES "DJANGO"."AUTH_GROUP" ("ID") DEFERRABLE INITIALLY DEFERRED ENABLE;
  ALTER TABLE "DJANGO"."AUTH_GROUP_PERMISSIONS" ADD CONSTRAINT "AUTH_GROU_PERMISSIO_84C5C92E_F" FOREIGN KEY ("PERMISSION_ID")
	  REFERENCES "DJANGO"."AUTH_PERMISSION" ("ID") DEFERRABLE INITIALLY DEFERRED ENABLE;
--------------------------------------------------------
--  Ref Constraints for Table AUTH_PERMISSION
--------------------------------------------------------

  ALTER TABLE "DJANGO"."AUTH_PERMISSION" ADD CONSTRAINT "AUTH_PERM_CONTENT_T_2F476E4B_F" FOREIGN KEY ("CONTENT_TYPE_ID")
	  REFERENCES "DJANGO"."DJANGO_CONTENT_TYPE" ("ID") DEFERRABLE INITIALLY DEFERRED ENABLE;
--------------------------------------------------------
--  Ref Constraints for Table AUTH_USER_GROUPS
--------------------------------------------------------

  ALTER TABLE "DJANGO"."AUTH_USER_GROUPS" ADD CONSTRAINT "AUTH_USER_USER_ID_6A12ED8B_F" FOREIGN KEY ("USER_ID")
	  REFERENCES "DJANGO"."AUTH_USER" ("ID") DEFERRABLE INITIALLY DEFERRED ENABLE;
  ALTER TABLE "DJANGO"."AUTH_USER_GROUPS" ADD CONSTRAINT "AUTH_USER_GROUP_ID_97559544_F" FOREIGN KEY ("GROUP_ID")
	  REFERENCES "DJANGO"."AUTH_GROUP" ("ID") DEFERRABLE INITIALLY DEFERRED ENABLE;
--------------------------------------------------------
--  Ref Constraints for Table AUTH_USER_USER_PERMISSIONS
--------------------------------------------------------

  ALTER TABLE "DJANGO"."AUTH_USER_USER_PERMISSIONS" ADD CONSTRAINT "AUTH_USER_USER_ID_A95EAD1B_F" FOREIGN KEY ("USER_ID")
	  REFERENCES "DJANGO"."AUTH_USER" ("ID") DEFERRABLE INITIALLY DEFERRED ENABLE;
  ALTER TABLE "DJANGO"."AUTH_USER_USER_PERMISSIONS" ADD CONSTRAINT "AUTH_USER_PERMISSIO_1FBB5F2C_F" FOREIGN KEY ("PERMISSION_ID")
	  REFERENCES "DJANGO"."AUTH_PERMISSION" ("ID") DEFERRABLE INITIALLY DEFERRED ENABLE;
--------------------------------------------------------
--  Ref Constraints for Table CORE_DETALLEVENTA
--------------------------------------------------------

  ALTER TABLE "DJANGO"."CORE_DETALLEVENTA" ADD CONSTRAINT "CORE_DETA_PRODUCTO__7AE498EC_F" FOREIGN KEY ("PRODUCTO_ID")
	  REFERENCES "DJANGO"."CORE_PRODUCTOS" ("CODIGO") DEFERRABLE INITIALLY DEFERRED ENABLE;
  ALTER TABLE "DJANGO"."CORE_DETALLEVENTA" ADD CONSTRAINT "CORE_DETA_VENTA_ID_55437C7D_F" FOREIGN KEY ("VENTA_ID")
	  REFERENCES "DJANGO"."CORE_VENTA" ("ID") DEFERRABLE INITIALLY DEFERRED ENABLE;
--------------------------------------------------------
--  Ref Constraints for Table CORE_VENTA
--------------------------------------------------------

  ALTER TABLE "DJANGO"."CORE_VENTA" ADD CONSTRAINT "CORE_VENT_CLIENTE_I_AE3E3F6C_F" FOREIGN KEY ("CLIENTE_ID")
	  REFERENCES "DJANGO"."AUTH_USER" ("ID") DEFERRABLE INITIALLY DEFERRED ENABLE;
--------------------------------------------------------
--  Ref Constraints for Table DJANGO_ADMIN_LOG
--------------------------------------------------------

  ALTER TABLE "DJANGO"."DJANGO_ADMIN_LOG" ADD CONSTRAINT "DJANGO_AD_CONTENT_T_C4BCE8EB_F" FOREIGN KEY ("CONTENT_TYPE_ID")
	  REFERENCES "DJANGO"."DJANGO_CONTENT_TYPE" ("ID") DEFERRABLE INITIALLY DEFERRED ENABLE;
  ALTER TABLE "DJANGO"."DJANGO_ADMIN_LOG" ADD CONSTRAINT "DJANGO_AD_USER_ID_C564EBA6_F" FOREIGN KEY ("USER_ID")
	  REFERENCES "DJANGO"."AUTH_USER" ("ID") DEFERRABLE INITIALLY DEFERRED ENABLE;
